order_id,customer_id,order_amount,order_date
1,217,29.89,2026-06-05
2,389,230.08,2026-02-22
3,432,142.74,2026-07-09
4,20,129.87,2025-12-21
5,359,375.77,2026-05-18
6,42,115.99,2026-06-23
7,205,378.35,2026-08-02
8,245,420.42,2026-03-26
9,224,67.48,2026-08-22
10,378,235.19,2026-03-24
11,118,88.06,2025-10-21
12,319,390.01,2025-11-29
13,320,58.51,2025-11-15
14,385,290.02,2026-04-26
15,78,201.34,2026-08-05
16,249,298.09,2026-07-09
17,124,55.44,2025-10-05
18,43,399.13,2026-05-25
19,380,176.87,2025-11-10
20,13,39.13,2025-12-09
21,109,425.54,2026-05-06
22,471,219.59,2026-04-10
23,277,355.12,2026-07-18
24,496,309.88,2025-11-09
25,275,235.11,2026-06-07
26,89,164.54,2026-05-25
27,476,143.07,2026-03-25
28,345,287.08,2026-02-24
29,187,19.21,2026-07-17
30,265,246.34,2026-01-01
31,283,173.47,2026-08-18
32,196,280.12,2025-09-07
33,501,47.38,2026-08-11
34,488,279.81,2026-08-20
35,18,324.72,2025-10-14
36,250,51.06,2026-09-02
37,485,156.57,2026-02-24
38,339,278.97,2025-11-29
39,314,179.15,2026-04-11
40,198,129.44,2025-11-15
41,190,161.2,2026-08-02
42,284,99.81,2026-03-23
43,290,363.67,2026-06-12
44,304,490.35,2026-01-19
45,15,117.6,2026-03-16
46,47,355.47,2026-01-11
47,130,487.28,2025-12-06
48,106,320.75,2026-03-08
49,481,437.0,2026-03-03
50,53,241.96,2025-10-08
51,117,129.98,2026-08-27
52,76,411.95,2026-02-20
53,156,290.63,2026-07-06
54,312,78.85,2026-08-02
55,427,47.16,2026-01-15
56,232,305.13,2026-01-31
57,454,388.97,2026-03-26
58,440,152.19,2025-11-21
59,102,156.16,2025-10-25
60,217,474.06,2025-12-06
61,246,136.0,2026-08-10
62,3,91.04,2026-04-01
63,482,207.22,2026-02-01
64,290,149.17,2025-10-27
65,240,352.98,2025-12-31
66,203,462.34,2026-01-19
67,153,215.44,2026-07-04
68,74,454.66,2026-03-03
69,296,34.52,2026-04-29
70,312,222.38,2026-05-10
71,513,351.37,2025-12-05
72,41,272.29,2026-06-29
73,257,445.26,2026-08-21
74,22,17.8,2026-04-24
75,276,499.79,2026-02-28
76,180,290.24,2025-11-02
77,285,237.9,2026-06-19
78,504,94.84,2025-11-02
79,419,484.68,2026-05-23
80,165,169.99,2026-02-27
81,296,168.25,2026-08-03
82,38,332.98,2026-03-19
83,332,230.14,2026-04-24
84,2,62.38,2025-09-23
85,424,330.54,2025-09-14
86,511,31.83,2026-07-08
87,209,314.58,2026-08-13
88,295,137.19,2026-05-04
89,125,221.87,2026-06-08
90,246,19.29,2026-01-30
91,15,356.34,2026-07-07
92,117,278.36,2025-11-25
93,158,233.42,2026-05-18
94,280,251.7,2025-09-05
95,484,210.67,2026-03-06
96,393,125.65,2026-01-16
97,140,99.35,2026-04-16
98,425,432.69,2026-05-04
99,274,173.24,2026-04-15
100,306,411.17,2026-02-25
101,502,419.55,2026-02-27
102,496,433.3,2025-09-04
103,387,175.84,2026-03-22
104,194,230.4,2025-09-06
105,393,490.48,2026-03-14
106,45,120.61,2025-12-11
107,391,162.5,2026-08-25
108,156,196.11,2025-09-08
109,515,250.19,2026-06-26
110,103,482.85,2026-05-06
111,468,437.72,2026-06-24
112,159,12.6,2026-07-31
113,272,42.04,2025-10-11
114,83,172.59,2025-10-07
115,390,426.62,2025-10-26
116,500,477.3,2025-11-11
117,71,436.83,2026-03-13
118,295,121.21,2026-06-27
119,445,498.73,2025-12-08
120,103,489.28,2026-01-25
121,30,224.62,2026-01-16
122,301,27.77,2026-01-28
123,251,182.44,2026-03-27
124,185,267.93,2026-08-30
125,392,89.14,2025-11-23
126,147,311.76,2026-05-10
127,471,119.93,2026-07-09
128,477,-131.39,2026-04-29
129,162,451.1,2026-07-13
130,307,41.56,2026-06-07
131,257,321.27,2025-10-06
132,394,231.13,2026-01-18
133,391,427.4,2026-03-23
134,303,288.1,2025-09-22
135,406,15.86,2025-09-05
136,51,140.87,2025-11-03
137,294,455.76,2026-03-03
138,361,388.99,2026-02-07
139,257,113.41,2026-06-16
140,141,340.49,2026-03-28
141,41,315.98,2026-07-13
142,374,157.92,2025-10-06
143,303,367.52,2026-03-14
144,206,166.73,2025-09-17
145,375,70.42,2025-11-18
146,169,267.77,2026-07-16
147,494,132.2,2026-07-23
148,347,483.86,2026-02-23
149,78,403.1,2025-09-19
150,407,74.67,2025-09-29
151,375,483.8,2026-08-06
152,271,49.7,2026-07-28
153,269,270.6,2026-03-27
154,381,294.36,2025-09-14
155,26,58.63,2026-08-07
156,336,311.68,2025-12-26
157,65,458.05,2026-08-19
158,310,319.52,2026-04-04
159,47,326.37,2026-06-04
160,505,473.4,2026-05-20
161,139,62.48,2026-01-25
162,430,197.38,2025-09-30
163,425,295.73,2025-10-31
164,418,329.19,2025-11-29
165,380,469.83,2026-07-04
166,242,112.55,2026-01-22
167,377,428.45,2026-07-27
168,368,274.51,2026-01-01
169,126,34.97,2026-06-05
170,94,474.76,2025-10-23
171,22,333.07,2026-08-29
172,129,30.04,2026-05-25
173,213,394.55,2026-03-04
174,239,295.26,2026-08-24
175,3,167.64,2025-09-21
176,134,142.25,2026-02-08
177,113,272.41,2026-07-05
178,16,332.22,2026-01-04
179,332,182.33,2026-06-10
180,130,12.81,2026-08-17
181,66,372.15,2026-01-25
182,112,240.74,2026-06-12
183,45,228.74,2025-09-12
184,309,364.99,2025-12-11
185,63,231.73,2026-08-31
186,437,499.3,2026-02-28
187,455,344.62,2026-01-10
188,152,41.38,2026-08-12
189,333,37.51,2026-02-07
190,302,193.55,2026-05-08
191,102,229.59,2026-05-01
192,221,397.58,2025-10-03
193,424,217.88,2026-04-16
194,426,172.77,2026-06-21
195,321,366.16,2026-05-20
196,157,334.23,2025-10-02
197,94,344.98,2025-10-28
198,99,416.73,2026-05-20
199,134,373.57,2026-04-22
200,338,280.4,2026-05-30
201,434,336.66,2025-12-26
202,295,434.71,2025-10-10
203,520,302.2,2025-09-03
204,230,110.31,2025-12-23
205,377,424.4,2026-01-11
206,232,61.87,2025-12-09
207,27,404.57,2025-10-20
208,274,306.45,2025-11-09
209,317,19.33,2026-02-13
210,186,461.16,2026-03-24
211,411,435.58,2026-01-29
212,32,39.44,2025-09-11
213,386,50.42,2026-01-09
214,379,212.82,2025-10-06
215,87,159.26,2026-04-08
216,51,442.25,2025-12-29
217,435,338.61,2026-01-20
218,280,245.4,2025-12-17
219,354,111.71,2026-01-21
220,499,217.81,2025-10-03
221,226,265.83,2026-07-28
222,8,200.66,2026-07-30
223,141,106.19,2026-08-26
224,123,383.26,2026-03-30
225,180,8.83,2025-11-03
226,236,68.95,2026-01-19
227,363,252.63,2025-10-22
228,44,40.68,2025-12-21
229,80,220.93,2026-03-01
230,415,431.74,2025-09-25
231,118,356.2,2026-02-08
232,176,205.49,2026-02-03
233,371,401.65,2026-02-26
234,250,48.62,2025-09-30
235,81,220.66,2025-12-03
236,348,200.9,2025-12-01
237,79,114.68,2026-04-18
238,199,257.69,2026-04-07
239,152,453.43,2025-11-12
240,203,121.95,2025-10-11
241,78,90.88,2025-12-22
242,506,92.69,2026-08-15
243,460,234.66,2026-01-01
244,331,342.16,2026-04-16
245,155,432.8,2026-06-23
246,311,222.68,2025-12-31
247,361,399.18,2026-01-02
248,463,256.13,2026-06-27
249,294,23.62,2026-07-13
250,93,42.98,2026-08-24
251,474,309.43,2025-10-21
252,43,292.26,2025-12-28
253,193,227.62,2026-08-14
254,155,164.16,2025-11-14
255,352,479.07,2025-12-25
256,177,491.28,2026-08-21
257,450,24.38,2026-08-22
258,373,264.41,2025-12-17
259,419,189.56,2026-05-14
260,54,388.36,2026-02-28
261,68,395.67,2026-03-31
262,396,168.2,2025-11-29
263,154,145.65,2026-01-17
264,145,170.01,2026-06-27
265,402,458.79,2026-01-23
266,87,68.83,2025-10-13
267,337,158.24,2026-03-27
268,96,407.53,2026-04-06
269,371,324.78,2026-03-20
270,220,14.02,2026-05-09
271,197,174.16,2026-03-22
272,80,117.14,2026-08-16
273,520,151.42,2026-02-17
274,39,386.58,2026-05-19
275,135,332.65,2026-02-09
276,186,300.64,2025-12-17
277,170,416.52,2026-05-13
278,374,361.99,2026-06-28
279,455,339.8,2026-06-20
280,460,307.24,2026-01-29
281,481,120.83,2026-03-03
282,452,452.47,2026-04-21
283,392,233.53,2025-11-29
284,166,253.94,2026-05-01
285,142,409.36,2026-05-21
286,493,437.14,2026-06-17
287,106,437.69,2025-09-29
288,128,357.14,2026-08-30
289,280,146.11,2026-02-24
290,448,227.41,2026-01-26
291,462,50.4,2026-03-06
292,425,442.89,2026-08-04
293,242,31.36,2026-05-13
294,230,196.15,2026-03-19
295,344,18.95,2026-06-18
296,294,396.73,2026-01-11
297,143,459.11,2026-07-26
298,6,380.63,2026-03-17
299,221,-453.4,2026-04-23
300,434,418.31,2025-10-03
301,309,60.04,2026-06-10
302,469,65.31,2026-04-30
303,512,36.09,2026-01-09
304,248,-300.39,2026-04-26
305,2,360.68,2025-09-18
306,427,309.33,2026-08-28
307,370,97.72,2026-05-07
308,520,38.5,2026-01-26
309,21,394.27,2026-06-04
310,397,198.27,2026-08-21
311,17,490.61,2026-02-06
312,247,181.76,2025-09-05
313,341,367.81,2025-12-05
314,347,71.04,2026-03-07
315,476,407.69,2026-03-10
316,187,490.51,2026-04-02
317,469,406.69,2026-03-31
318,205,23.31,2026-02-12
319,318,443.47,2026-01-23
320,485,260.11,2026-06-11
321,196,130.39,2026-04-05
322,49,146.62,2026-03-04
323,128,433.57,2026-01-06
324,410,400.67,2025-09-10
325,396,372.94,2025-10-10
326,510,172.82,2026-02-01
327,274,186.84,2026-08-19
328,81,401.57,2025-10-14
329,185,218.15,2026-08-12
330,82,275.01,2025-10-23
331,457,167.32,2025-12-25
332,455,303.3,2026-02-15
333,362,179.02,2025-11-16
334,59,309.35,2026-02-25
335,373,42.15,2026-02-23
336,164,258.98,2026-02-09
337,449,476.63,2026-05-15
338,376,22.23,2025-12-27
339,34,184.26,2025-12-20
340,380,304.52,2026-06-25
341,141,189.15,2025-10-14
342,286,267.08,2026-07-09
343,191,128.56,2026-04-27
344,121,252.03,2026-05-07
345,457,134.58,2025-11-01
346,503,111.21,2026-08-28
347,76,104.09,2025-11-30
348,456,228.76,2025-11-04
349,328,498.64,2025-10-30
350,298,335.58,2026-03-25
351,179,446.21,2026-08-18
352,125,397.88,2025-11-25
353,243,492.64,2026-01-28
354,378,396.23,2025-11-08
355,133,236.37,2026-04-24
356,317,307.91,2026-02-07
357,491,202.09,2025-09-12
358,76,265.22,2026-04-14
359,76,67.04,2025-11-13
360,353,227.74,2026-04-06
361,187,68.53,2026-01-22
362,515,385.05,2026-05-17
363,128,455.8,2025-11-16
364,166,261.46,2026-06-04
365,355,164.72,2026-06-24
366,291,474.0,2025-09-24
367,282,423.74,2025-10-09
368,96,66.96,2026-07-18
369,158,253.77,2025-11-09
370,346,89.74,2025-12-30
371,30,422.05,2026-02-16
372,272,45.21,2025-12-07
373,427,327.31,2026-07-14
374,297,310.96,2026-03-14
375,251,322.74,2026-04-23
376,305,403.32,2026-04-08
377,162,229.5,2026-04-13
378,209,222.6,2026-04-04
379,327,173.4,2026-01-07
380,409,368.43,2026-07-08
381,109,69.73,2026-04-15
382,274,162.96,2026-06-26
383,52,227.55,2026-05-18
384,429,148.65,2025-12-19
385,164,127.89,2026-04-14
386,321,407.67,2025-10-03
387,479,98.97,2025-10-21
388,24,251.89,2025-10-15
389,469,49.57,2025-12-22
390,362,483.51,2025-11-07
391,482,29.09,2026-05-13
392,111,-146.45,2026-03-07
393,375,218.31,2026-02-02
394,411,383.11,2025-10-22
395,372,30.32,2026-01-20
396,517,278.85,2025-11-08
397,122,227.93,2026-04-22
398,383,68.69,2026-05-13
399,375,398.47,2026-04-26
400,412,378.71,2026-09-02
401,141,252.54,2026-03-24
402,468,358.23,2026-02-28
403,144,78.73,2025-10-23
404,167,167.34,2025-12-26
405,307,199.51,2026-02-14
406,502,298.89,2025-09-21
407,18,355.83,2026-01-11
408,427,187.34,2025-09-05
409,28,293.93,2025-10-21
410,234,300.47,2026-06-27
411,175,362.09,2026-08-20
412,390,264.5,2026-03-05
413,33,78.15,2026-03-02
414,196,288.42,2026-05-10
415,156,14.37,2026-02-01
416,514,209.42,2026-07-06
417,64,388.61,2026-02-27
418,333,354.36,2025-10-02
419,386,499.07,2025-09-13
420,351,160.31,2026-06-07
421,271,275.41,2025-12-17
422,253,306.99,2025-12-11
423,305,143.11,2026-03-17
424,501,386.73,2025-11-02
425,281,161.94,2026-02-16
426,389,147.46,2026-05-31
427,354,448.4,2026-06-09
428,298,477.53,2026-03-22
429,81,25.82,2025-10-13
430,263,176.45,2025-10-13
431,278,374.93,2026-06-12
432,141,466.85,2026-06-30
433,246,59.07,2026-01-14
434,232,125.02,2026-06-30
435,424,320.78,2025-09-17
436,141,168.5,2026-05-23
437,162,7.56,2026-03-20
438,488,206.42,2026-08-30
439,295,241.34,2025-10-09
440,92,163.98,2026-07-02
441,39,327.89,2026-06-03
442,181,457.05,2025-12-19
443,407,467.29,2026-09-02
444,297,395.04,2026-02-13
445,110,-438.99,2026-01-07
446,466,464.59,2026-06-27
447,506,494.6,2026-02-09
448,517,445.18,2026-08-31
449,116,236.67,2026-06-12
450,264,168.69,2025-11-27
451,346,-360.71,2026-06-25
452,198,396.43,2026-04-05
453,416,91.87,2026-01-08
454,89,414.36,2026-05-20
455,144,203.41,2026-04-21
456,7,241.34,2025-11-01
457,274,134.09,2025-10-22
458,12,477.25,2025-11-16
459,242,134.47,2025-11-16
460,315,35.75,2025-09-23
461,319,84.06,2026-01-08
462,303,346.69,2025-12-13
463,137,186.93,2026-03-18
464,383,241.7,2025-12-29
465,483,210.84,2026-05-17
466,224,379.89,2025-12-16
467,84,382.12,2025-12-08
468,371,265.13,2026-07-13
469,64,43.66,2026-08-28
470,208,415.24,2026-05-08
471,336,288.49,2025-10-06
472,211,427.97,2026-08-20
473,457,359.87,2026-06-16
474,426,405.3,2026-08-04
475,474,231.12,2026-08-31
476,23,338.02,2026-07-16
477,224,200.99,2025-10-18
478,353,291.26,2026-07-15
479,62,351.69,2025-12-02
480,484,467.62,2026-05-20
481,139,20.71,2026-07-02
482,431,384.08,2026-06-07
483,460,190.36,2026-05-07
484,385,435.46,2026-02-28
485,137,44.72,2026-04-01
486,183,328.5,2025-12-09
487,131,496.46,2026-01-31
488,4,365.29,2026-02-14
489,475,379.31,2026-04-21
490,389,338.38,2026-07-21
491,355,412.56,2025-10-06
492,116,81.79,2026-03-09
493,17,20.95,2025-12-12
494,35,124.13,2026-08-10
495,50,225.99,2026-01-15
496,450,126.14,2026-08-15
497,58,121.0,2025-12-30
498,240,74.37,2025-09-02
499,327,408.81,2026-06-12
500,329,290.85,2026-05-28
501,227,122.27,2026-05-27
502,180,209.71,2026-02-16
503,508,314.87,2026-05-03
504,391,28.21,2026-01-11
505,427,393.97,2025-09-25
506,189,207.09,2026-03-16
507,231,378.44,2025-11-20
508,475,153.86,2026-02-06
509,427,457.8,2025-11-18
510,249,280.86,2025-12-09
511,81,131.22,2026-07-02
512,95,461.5,2026-01-03
513,53,270.14,2026-04-01
514,41,137.89,2026-03-28
515,223,437.44,2026-02-26
516,341,242.3,2026-01-05
517,217,155.08,2026-05-09
518,121,468.89,2025-09-19
519,249,374.71,2025-10-08
520,407,349.34,2026-06-15
521,290,457.99,2026-02-17
522,368,193.43,2025-10-17
523,510,157.67,2026-07-12
524,481,235.67,2026-02-10
525,209,382.01,2025-09-02
526,227,188.5,2026-08-18
527,428,-371.92,2025-11-15
528,236,151.12,2026-05-12
529,512,193.02,2025-10-20
530,346,277.57,2026-04-27
531,503,132.38,2025-10-30
532,361,233.11,2026-08-09
533,501,88.79,2025-12-11
534,61,96.1,2026-04-29
535,77,264.35,2025-12-02
536,7,472.87,2026-01-16
537,237,209.13,2026-07-29
538,224,38.64,2025-11-01
539,495,255.34,2026-01-25
540,422,-331.35,2025-12-22
541,282,10.87,2026-05-15
542,515,270.19,2025-11-26
543,184,407.51,2026-04-29
544,153,57.97,2026-05-17
545,259,124.28,2025-09-02
546,407,408.53,2026-02-23
547,471,44.11,2025-10-20
548,232,284.68,2025-11-23
549,83,153.49,2026-05-08
550,33,328.6,2025-09-05
551,488,51.28,2026-05-14
552,176,-32.78,2026-06-28
553,340,45.93,2026-08-29
554,98,285.1,2026-02-03
555,236,447.92,2025-10-20
556,487,109.65,2025-09-27
557,288,139.19,2026-01-20
558,34,450.16,2026-05-27
559,17,93.78,2025-10-09
560,408,480.93,2025-12-25
561,247,464.79,2026-07-21
562,340,285.51,2025-10-22
563,81,195.0,2026-06-12
564,55,252.89,2026-06-04
565,78,53.35,2025-10-20
566,407,173.59,2026-08-31
567,280,484.62,2025-10-24
568,234,392.86,2026-03-15
569,443,181.13,2025-09-05
570,390,96.94,2026-04-27
571,253,47.42,2026-02-10
572,158,357.99,2026-05-24
573,158,193.1,2026-04-19
574,110,371.13,2025-10-27
575,456,50.3,2026-01-30
576,136,183.16,2026-05-11
577,418,48.21,2026-07-13
578,96,56.13,2025-10-03
579,395,300.48,2025-10-08
580,87,11.11,2026-06-04
581,249,363.8,2026-04-05
582,390,288.12,2026-01-20
583,275,88.9,2026-08-20
584,446,249.1,2025-12-26
585,79,141.6,2025-10-23
586,508,183.76,2025-12-12
587,110,298.93,2025-10-02
588,406,-72.07,2026-03-23
589,338,169.45,2026-04-09
590,140,222.91,2026-04-12
591,206,153.72,2026-06-14
592,408,242.11,2026-05-12
593,503,484.52,2026-07-09
594,334,484.04,2026-04-30
595,403,191.15,2025-12-21
596,205,185.68,2026-03-10
597,28,298.15,2026-03-07
598,215,476.74,2026-06-02
599,71,222.04,2025-12-19
600,419,410.39,2025-09-21
601,311,338.12,2026-07-27
602,434,124.8,2026-08-17
603,491,395.59,2026-03-02
604,429,293.21,2025-10-13
605,369,274.1,2026-03-03
606,88,352.31,2026-04-07
607,364,59.14,2026-03-14
608,410,87.34,2026-08-25
609,441,483.57,2026-08-29
610,228,57.44,2026-08-09
611,227,257.78,2025-10-20
612,513,225.66,2026-07-14
613,495,79.62,2026-03-29
614,88,56.75,2026-01-13
615,146,62.45,2026-05-09
616,212,177.42,2026-06-08
617,100,262.95,2026-08-17
618,327,221.89,2026-06-10
619,118,38.25,2025-09-08
620,112,16.18,2025-09-26
621,250,340.18,2025-12-06
622,339,260.42,2025-09-16
623,238,282.13,2025-09-24
624,191,399.89,2026-06-17
625,30,322.04,2026-03-06
626,461,370.01,2026-04-20
627,220,298.14,2026-03-04
628,65,106.86,2026-02-01
629,192,290.79,2026-05-16
630,117,186.07,2025-10-02
631,321,134.86,2026-03-17
632,117,300.5,2026-04-15
633,177,177.22,2025-12-12
634,305,407.8,2025-12-24
635,138,459.75,2026-03-08
636,120,160.03,2025-11-15
637,398,95.61,2026-06-24
638,393,212.03,2026-03-17
639,178,214.4,2026-01-23
640,144,279.68,2026-04-22
641,55,97.61,2026-07-04
642,497,433.43,2026-05-09
643,518,72.58,2025-09-26
644,504,328.27,2026-05-15
645,501,210.74,2026-05-27
646,226,87.79,2026-07-08
647,296,149.58,2025-09-23
648,508,88.26,2025-10-03
649,117,277.11,2026-02-08
650,376,137.61,2026-02-14
651,452,273.31,2026-04-12
652,105,275.44,2025-12-24
653,254,369.31,2026-05-31
654,461,152.37,2026-05-31
655,90,135.09,2025-10-15
656,243,222.34,2026-05-19
657,360,108.89,2026-05-16
658,439,431.22,2025-10-31
659,212,87.16,2026-08-16
660,360,407.7,2026-03-12
661,173,268.48,2026-06-15
662,297,165.21,2026-05-23
663,98,288.5,2025-11-02
664,422,72.12,2025-10-18
665,130,459.79,2026-06-14
666,150,352.21,2025-12-09
667,403,357.14,2026-07-23
668,276,247.28,2026-06-11
669,78,315.77,2025-09-12
670,96,318.65,2026-06-24
671,378,204.41,2025-12-10
672,3,230.07,2025-09-25
673,96,435.11,2026-05-20
674,367,366.81,2026-04-01
675,408,425.8,2025-09-30
676,217,112.83,2026-02-15
677,291,249.88,2026-01-11
678,497,172.19,2026-03-03
679,50,395.21,2026-03-28
680,471,27.74,2026-01-14
681,162,13.06,2025-12-04
682,439,-223.44,2025-10-09
683,136,105.15,2026-03-31
684,281,441.66,2026-05-24
685,85,51.2,2025-11-24
686,170,189.06,2026-03-07
687,240,30.63,2025-09-18
688,98,217.47,2026-07-14
689,136,5.54,2025-11-30
690,456,298.87,2026-02-21
691,124,9.6,2026-01-20
692,136,494.14,2025-10-26
693,92,241.46,2026-08-08
694,321,366.73,2026-07-12
695,392,186.94,2026-03-23
696,137,387.86,2026-08-02
697,71,322.58,2026-05-31
698,169,-267.6,2026-02-02
699,156,222.85,2025-12-28
700,454,460.35,2026-02-01
701,103,430.68,2026-05-23
702,394,74.31,2025-12-10
703,144,179.01,2025-09-30
704,255,127.65,2026-01-16
705,292,278.93,2026-03-04
706,309,390.59,2026-07-29
707,194,106.7,2025-11-06
708,56,375.18,2026-06-23
709,246,392.98,2026-08-27
710,512,249.97,2026-08-17
711,13,320.85,2025-09-27
712,136,493.51,2026-02-19
713,431,196.48,2025-12-14
714,483,185.88,2026-07-08
715,18,477.45,2025-12-30
716,221,-295.74,2026-03-23
717,408,24.71,2025-09-04
718,514,255.77,2025-11-14
719,412,384.72,2026-03-27
720,157,45.8,2025-12-22
721,209,142.35,2026-04-17
722,335,487.29,2026-02-18
723,68,198.41,2026-04-06
724,245,158.53,2026-03-01
725,445,33.66,2026-06-11
726,57,62.41,2025-11-12
727,180,158.1,2026-07-28
728,12,64.12,2026-06-07
729,266,86.1,2025-11-30
730,276,87.65,2025-09-04
731,31,367.8,2026-01-30
732,66,170.83,2025-11-26
733,79,135.16,2026-01-06
734,57,250.59,2026-07-06
735,377,252.31,2026-07-20
736,119,82.87,2026-08-16
737,46,118.06,2025-09-02
738,48,-430.05,2026-04-30
739,154,238.52,2026-07-09
740,37,93.59,2026-05-26
741,430,278.67,2025-10-10
742,328,116.14,2026-03-14
743,382,139.27,2025-11-28
744,54,64.1,2026-03-01
745,48,93.78,2025-09-23
746,477,477.27,2026-09-01
747,319,433.69,2026-05-20
748,9,167.01,2025-10-06
749,312,187.62,2026-08-05
750,378,371.09,2026-07-27
751,201,297.89,2026-03-11
752,252,367.57,2026-05-16
753,25,79.53,2026-01-16
754,10,120.33,2026-08-24
755,386,-475.74,2025-10-03
756,107,425.26,2025-10-06
757,430,106.57,2025-10-20
758,146,248.55,2026-06-29
759,238,357.27,2025-09-29
760,382,449.16,2026-03-28
761,98,231.94,2026-02-08
762,404,255.19,2026-08-20
763,446,42.04,2025-11-27
764,299,332.91,2025-12-06
765,403,134.19,2025-12-26
766,326,351.86,2026-06-22
767,208,229.12,2026-05-16
768,112,72.38,2026-05-29
769,478,81.93,2025-12-27
770,367,160.45,2025-12-10
771,316,482.49,2025-09-29
772,93,234.36,2025-11-15
773,42,83.02,2026-06-14
774,152,111.44,2026-04-04
775,365,50.15,2025-10-28
776,307,201.14,2025-11-01
777,32,133.78,2026-02-19
778,256,476.29,2026-01-28
779,144,51.89,2026-03-17
780,228,65.12,2026-08-21
781,382,69.7,2025-11-16
782,87,344.71,2025-12-23
783,77,293.25,2025-12-07
784,455,15.79,2025-10-15
785,340,405.6,2025-10-29
786,52,65.65,2026-05-11
787,405,88.15,2026-07-01
788,437,250.58,2026-05-15
789,192,90.54,2025-09-16
790,153,141.12,2026-07-04
791,252,22.15,2025-12-30
792,491,325.4,2025-10-05
793,141,35.18,2025-12-01
794,256,212.52,2026-01-10
795,20,317.22,2026-03-08
796,368,494.75,2026-05-07
797,353,242.44,2025-12-06
798,398,456.78,2026-08-30
799,225,138.87,2025-09-13
800,288,19.51,2026-01-28
801,367,34.0,2026-02-14
802,164,384.59,2026-06-02
803,273,54.57,2025-12-02
804,58,269.18,2026-02-18
805,398,383.2,2026-06-23
806,178,180.63,2025-10-23
807,368,92.17,2025-09-06
808,361,457.42,2026-07-02
809,193,474.04,2026-08-27
810,505,419.16,2025-10-19
811,39,273.35,2026-06-30
812,225,49.68,2026-01-16
813,340,14.86,2026-04-20
814,134,459.36,2026-04-25
815,332,173.68,2026-04-03
816,146,34.48,2025-12-05
817,374,388.31,2026-06-26
818,406,480.48,2025-09-09
819,331,295.08,2025-09-25
820,448,72.54,2026-07-29
821,325,396.96,2026-02-11
822,366,91.23,2025-10-19
823,180,115.5,2026-07-30
824,302,192.3,2026-07-02
825,401,68.04,2026-01-01
826,34,426.12,2025-09-17
827,227,95.13,2026-02-17
828,509,321.63,2025-11-02
829,244,74.62,2026-03-31
830,91,176.67,2026-06-29
831,344,411.72,2026-01-24
832,256,226.08,2025-09-12
833,111,348.12,2026-05-10
834,449,361.6,2025-11-04
835,424,367.63,2025-11-19
836,385,249.08,2025-11-09
837,231,55.21,2025-12-13
838,35,85.51,2026-07-22
839,108,150.98,2025-09-14
840,385,41.73,2026-04-16
841,96,84.65,2025-11-30
842,495,172.29,2025-12-19
843,169,353.73,2026-01-30
844,55,305.62,2026-03-22
845,195,55.12,2025-09-24
846,272,207.59,2025-12-13
847,99,332.0,2025-10-22
848,503,29.57,2025-11-14
849,438,81.03,2026-07-22
850,492,48.38,2026-03-13
851,175,103.84,2026-04-20
852,485,320.9,2026-06-22
853,408,422.67,2026-06-19
854,272,238.12,2026-08-30
855,190,50.11,2026-06-15
856,192,188.66,2026-01-11
857,477,225.66,2026-03-20
858,64,135.38,2026-02-26
859,100,79.81,2026-08-02
860,424,47.43,2026-03-04
861,63,485.5,2026-01-22
862,429,421.19,2025-11-06
863,487,482.99,2025-12-27
864,307,288.49,2025-11-21
865,36,44.08,2026-07-26
866,151,253.54,2026-06-13
867,178,64.54,2025-09-23
868,217,474.79,2026-08-30
869,434,405.19,2026-03-14
870,207,43.79,2026-06-09
871,265,498.65,2026-09-02
872,69,163.28,2026-08-24
873,334,48.08,2025-10-08
874,13,429.03,2026-04-30
875,430,394.34,2025-12-08
876,103,60.7,2026-06-27
877,104,462.84,2026-08-03
878,353,393.94,2025-09-22
879,498,439.56,2026-09-01
880,177,288.15,2025-11-21
881,412,141.33,2026-07-08
882,340,24.2,2026-06-20
883,487,346.8,2026-01-09
884,21,460.81,2026-07-06
885,319,172.24,2026-07-08
886,101,143.77,2025-11-05
887,308,486.39,2026-04-06
888,329,487.24,2026-06-24
889,92,138.36,2026-05-15
890,417,98.03,2026-08-02
891,383,371.77,2025-09-12
892,163,411.4,2026-05-16
893,414,37.48,2026-08-14
894,30,72.15,2026-03-27
895,206,91.0,2026-03-27
896,468,419.3,2025-11-09
897,204,30.03,2026-08-29
898,518,140.62,2026-07-21
899,32,201.49,2026-03-01
900,457,124.76,2025-12-24
901,359,92.9,2026-02-28
902,265,175.4,2025-10-05
903,292,375.74,2025-11-26
904,220,18.59,2025-11-21
905,212,429.27,2026-03-13
906,21,138.2,2025-09-02
907,10,432.99,2026-08-03
908,178,239.68,2025-11-14
909,259,-302.57,2025-10-19
910,282,306.13,2026-05-22
911,358,214.78,2026-08-04
912,310,232.2,2026-07-08
913,407,340.21,2025-12-29
914,384,-294.32,2025-09-10
915,290,282.92,2026-04-04
916,66,152.75,2026-08-03
917,333,171.46,2026-06-12
918,306,431.44,2026-07-08
919,247,98.24,2026-07-14
920,414,450.35,2026-08-19
921,27,331.96,2026-01-16
922,266,329.42,2026-08-12
923,37,453.92,2026-01-24
924,195,293.6,2025-10-08
925,488,174.87,2025-12-21
926,520,453.73,2025-10-21
927,186,153.6,2025-10-29
928,265,150.42,2026-08-15
929,188,363.97,2026-06-18
930,92,473.73,2026-08-19
931,315,115.02,2026-04-27
932,381,213.13,2025-11-04
933,121,133.98,2026-08-22
934,73,237.92,2026-05-13
935,123,238.75,2026-08-07
936,306,434.41,2026-06-17
937,155,209.49,2025-11-22
938,420,73.0,2026-04-05
939,469,493.66,2025-11-05
940,185,75.9,2025-12-23
941,182,390.58,2026-05-11
942,463,160.14,2025-10-18
943,173,140.4,2026-05-26
944,91,290.26,2026-08-15
945,440,69.06,2026-08-15
946,393,204.68,2026-01-23
947,383,7.31,2026-08-31
948,196,475.28,2026-08-21
949,255,-13.87,2025-09-13
950,320,117.0,2026-04-10
951,314,68.82,2026-08-05
952,306,87.67,2026-08-22
953,346,474.49,2025-11-21
954,138,219.66,2026-03-27
955,368,174.65,2026-08-10
956,414,376.31,2025-10-23
957,135,14.47,2026-06-01
958,517,109.54,2025-11-28
959,39,88.65,2026-08-27
960,50,190.72,2025-11-02
961,111,298.99,2026-07-23
962,119,-328.52,2025-10-04
963,259,211.3,2026-05-19
964,10,239.83,2026-04-23
965,277,154.05,2026-07-23
966,429,313.28,2026-02-12
967,121,416.17,2025-12-08
968,510,144.94,2025-12-02
969,270,103.33,2025-09-26
970,367,416.59,2025-12-04
971,41,353.2,2025-10-11
972,493,276.33,2025-09-02
973,92,-168.65,2026-01-21
974,506,453.91,2026-05-28
975,77,78.83,2026-08-22
976,263,363.16,2026-07-22
977,304,323.95,2026-03-01
978,179,135.74,2026-01-18
979,369,437.7,2026-03-20
980,119,401.79,2025-10-09
981,47,52.02,2026-02-24
982,175,9.79,2026-07-15
983,275,167.69,2026-04-28
984,351,439.85,2026-05-11
985,468,95.52,2025-10-31
986,490,139.56,2025-09-28
987,171,400.95,2026-07-08
988,61,60.96,2025-12-18
989,107,490.88,2025-12-27
990,449,210.93,2026-08-16
991,368,94.72,2025-09-29
992,134,307.62,2025-11-03
993,422,244.12,2026-01-17
994,322,223.14,2026-05-27
995,230,11.12,2026-03-21
996,347,489.06,2026-07-27
997,98,261.95,2025-10-06
998,494,219.26,2026-04-07
999,395,176.15,2026-04-14
1000,56,78.58,2026-02-25
1001,518,10.76,2025-09-13
1002,170,425.18,2026-08-12
1003,247,42.06,2025-11-01
1004,520,168.79,2026-07-24
1005,413,115.24,2025-10-29
1006,455,409.47,2025-10-09
1007,511,401.62,2025-11-16
1008,510,226.3,2025-11-10
1009,414,-373.89,2026-05-15
1010,1,209.11,2026-05-24
1011,312,413.82,2026-05-27
1012,468,445.6,2025-12-08
1013,56,475.43,2025-12-14
1014,340,409.21,2025-11-27
1015,485,282.27,2025-09-20
1016,464,359.75,2026-03-30
1017,228,61.44,2026-07-06
1018,299,6.09,2025-10-28
1019,109,276.11,2026-01-12
1020,144,27.66,2026-02-05
1021,420,411.81,2025-12-18
1022,193,57.95,2026-05-02
1023,221,64.77,2026-04-09
1024,347,231.24,2025-11-14
1025,127,58.34,2025-09-11
1026,517,387.21,2025-11-03
1027,50,71.64,2025-12-17
1028,495,278.85,2025-10-01
1029,182,462.56,2026-07-07
1030,132,347.45,2025-12-23
1031,330,56.26,2026-01-25
1032,255,254.53,2026-02-28
1033,302,140.43,2026-05-01
1034,423,229.16,2025-10-05
1035,307,303.25,2026-03-20
1036,322,422.32,2025-11-08
1037,223,357.38,2026-07-23
1038,298,104.44,2026-01-15
1039,136,344.87,2026-02-12
1040,183,490.76,2025-12-07
1041,331,254.43,2026-02-19
1042,492,356.62,2025-11-23
1043,428,293.49,2025-12-09
1044,293,338.75,2025-09-24
1045,14,439.35,2026-06-04
1046,149,263.75,2026-05-04
1047,274,31.27,2025-10-03
1048,294,376.34,2026-01-05
1049,64,343.28,2026-03-19
1050,34,346.84,2026-08-23
1051,230,182.55,2026-04-05
1052,244,372.49,2026-03-23
1053,295,257.91,2026-07-06
1054,391,348.0,2026-06-28
1055,321,196.84,2026-02-02
1056,258,483.09,2026-03-16
1057,454,105.53,2026-07-16
1058,377,415.84,2026-02-22
1059,202,378.78,2026-07-21
1060,302,389.19,2026-02-23
1061,77,227.16,2025-09-30
1062,123,97.55,2026-07-29
1063,271,191.71,2026-05-21
1064,262,69.38,2026-03-04
1065,159,7.79,2026-07-28
1066,53,24.77,2026-06-21
1067,309,387.96,2026-05-07
1068,367,247.82,2026-04-17
1069,226,41.08,2025-10-16
1070,518,478.71,2026-06-06
1071,414,83.89,2025-11-04
1072,219,50.51,2026-08-28
1073,301,333.35,2026-08-23
1074,487,113.13,2026-06-24
1075,10,498.33,2025-10-18
1076,247,61.79,2026-02-03
1077,250,452.73,2026-08-29
1078,329,479.65,2026-02-08
1079,117,193.78,2026-09-02
1080,290,196.01,2026-04-19
1081,384,17.23,2026-07-04
1082,499,259.58,2025-12-05
1083,198,26.71,2026-08-01
1084,99,163.55,2026-08-02
1085,8,87.86,2025-09-26
1086,219,315.33,2026-01-22
1087,107,433.15,2026-01-25
1088,446,106.76,2025-12-30
1089,158,325.05,2025-12-12
1090,39,16.76,2026-02-16
1091,258,48.32,2026-07-18
1092,234,281.25,2026-06-16
1093,462,455.94,2026-04-18
1094,18,316.96,2026-03-12
1095,7,197.8,2026-02-02
1096,47,322.5,2026-01-31
1097,515,351.94,2025-10-26
1098,309,57.54,2026-04-05
1099,449,305.25,2026-06-06
1100,32,193.8,2026-08-11
1101,140,239.62,2026-08-06
1102,303,374.64,2026-03-26
1103,383,480.27,2025-10-08
1104,145,-478.91,2025-12-15
1105,404,-66.0,2026-03-17
1106,313,270.89,2026-01-05
1107,353,108.98,2026-01-30
1108,146,109.81,2026-01-20
1109,259,84.67,2026-02-26
1110,56,101.19,2026-04-12
1111,473,426.44,2025-09-15
1112,69,324.11,2025-12-11
1113,499,129.09,2025-10-24
1114,241,476.01,2026-04-12
1115,199,54.52,2026-05-13
1116,314,162.3,2025-09-16
1117,374,348.26,2026-07-24
1118,173,404.81,2026-01-01
1119,227,7.39,2025-11-27
1120,284,357.54,2026-06-01
1121,340,420.85,2026-08-05
1122,368,439.55,2026-07-27
1123,112,388.51,2025-09-09
1124,288,92.01,2026-06-28
1125,202,430.06,2025-12-21
1126,79,135.3,2025-12-13
1127,520,365.08,2026-02-28
1128,415,317.66,2026-05-14
1129,38,385.75,2025-10-07
1130,484,278.04,2026-07-17
1131,402,328.68,2025-10-21
1132,298,115.54,2026-08-24
1133,93,71.27,2026-02-11
1134,245,201.41,2026-07-01
1135,170,424.75,2025-12-09
1136,164,379.82,2026-02-01
1137,150,93.68,2026-04-26
1138,368,369.28,2025-11-09
1139,238,25.01,2025-11-18
1140,44,36.12,2026-06-30
1141,370,335.95,2026-05-31
1142,48,197.11,2026-06-06
1143,106,24.75,2026-07-16
1144,281,353.35,2026-06-29
1145,179,418.26,2026-03-09
1146,80,191.45,2025-10-30
1147,229,260.75,2025-12-24
1148,354,260.6,2026-03-06
1149,7,246.0,2025-10-21
1150,170,253.41,2026-07-10
1151,288,118.85,2026-07-20
1152,371,109.7,2025-09-12
1153,236,303.0,2025-11-11
1154,117,210.23,2026-07-03
1155,216,243.35,2026-07-05
1156,421,297.44,2025-12-02
1157,165,16.11,2026-02-16
1158,151,71.69,2026-08-03
1159,185,32.68,2026-05-17
1160,20,260.74,2025-12-11
1161,291,439.86,2026-06-30
1162,483,473.89,2026-03-05
1163,421,434.31,2026-04-22
1164,187,302.42,2025-10-17
1165,172,313.49,2025-09-13
1166,465,363.47,2026-01-16
1167,388,300.28,2026-04-07
1168,208,195.8,2025-11-05
1169,430,263.74,2026-07-17
1170,182,414.12,2026-04-04
1171,40,240.56,2026-01-08
1172,121,439.49,2025-10-31
1173,2,51.13,2026-07-26
1174,442,449.0,2026-06-03
1175,45,263.41,2026-05-12
1176,494,350.33,2025-12-15
1177,101,395.83,2026-01-21
1178,239,215.62,2025-10-31
1179,419,455.49,2026-03-30
1180,8,-132.61,2026-08-21
1181,8,291.1,2026-07-12
1182,324,190.64,2026-04-26
1183,437,207.38,2026-05-08
1184,434,327.53,2025-12-09
1185,407,284.51,2026-01-29
1186,495,378.71,2025-09-09
1187,496,93.47,2026-06-14
1188,353,130.62,2026-06-09
1189,142,388.23,2025-09-05
1190,236,428.22,2026-08-01
1191,166,226.06,2026-04-26
1192,347,54.64,2026-04-10
1193,54,401.42,2025-09-05
1194,6,84.57,2025-12-03
1195,483,403.16,2026-06-23
1196,66,463.3,2025-12-22
1197,39,135.23,2026-08-21
1198,411,363.62,2026-04-25
1199,59,308.91,2026-02-04
1200,507,473.13,2026-01-17
1201,293,222.29,2026-01-07
1202,238,101.4,2025-12-03
1203,369,309.52,2026-02-19
1204,162,-123.43,2026-05-07
1205,410,47.99,2026-06-30
1206,206,179.8,2026-01-25
1207,71,261.28,2025-10-09
1208,357,459.99,2026-03-08
1209,232,177.0,2026-05-02
1210,414,305.15,2026-07-07
1211,417,289.58,2026-01-16
1212,516,255.59,2026-04-26
1213,264,150.65,2026-04-12
1214,257,438.68,2025-12-20
1215,496,348.62,2025-10-11
1216,470,386.13,2025-09-25
1217,29,342.39,2026-08-29
1218,392,243.58,2026-04-24
1219,236,318.66,2026-07-14
1220,362,401.08,2025-12-06
1221,270,-260.67,2026-05-20
1222,351,127.89,2026-07-25
1223,488,42.63,2025-12-20
1224,276,160.37,2025-10-26
1225,195,95.48,2026-06-09
1226,248,252.0,2026-07-28
1227,208,437.01,2026-06-23
1228,365,418.3,2026-06-22
1229,81,82.22,2026-04-09
1230,7,339.53,2026-05-01
1231,44,383.3,2026-05-09
1232,323,424.77,2026-05-23
1233,282,248.71,2026-04-29
1234,287,247.95,2026-09-02
1235,132,201.95,2025-12-05
1236,490,31.8,2026-02-02
1237,356,470.13,2026-01-22
1238,179,199.89,2025-09-14
1239,472,231.31,2026-05-19
1240,216,-161.25,2026-03-30
1241,371,192.82,2025-11-10
1242,270,308.33,2026-05-25
1243,352,122.38,2025-11-22
1244,216,186.13,2026-03-16
1245,374,212.45,2026-06-16
1246,185,427.89,2026-07-30
1247,235,287.85,2026-05-05
1248,242,408.02,2026-03-06
1249,201,279.89,2026-07-08
1250,154,77.19,2026-07-06
1251,432,-239.13,2026-07-19
1252,324,252.3,2025-11-07
1253,49,393.74,2025-10-07
1254,62,202.21,2025-10-18
1255,99,111.66,2025-12-05
1256,370,227.68,2026-06-24
1257,264,183.35,2026-06-08
1258,360,175.35,2025-11-08
1259,204,434.35,2026-05-08
1260,179,290.54,2026-01-02
1261,333,489.79,2025-10-04
1262,458,338.23,2026-01-10
1263,294,445.37,2026-06-01
1264,172,234.56,2025-12-23
1265,432,322.09,2026-06-17
1266,74,317.48,2026-01-01
1267,322,44.16,2025-12-06
1268,274,161.85,2025-12-18
1269,456,304.67,2026-07-10
1270,462,391.58,2026-02-21
1271,24,209.92,2026-07-16
1272,258,66.89,2026-04-03
1273,82,470.52,2026-08-13
1274,98,109.23,2025-09-28
1275,56,36.58,2026-07-24
1276,86,18.05,2026-03-04
1277,87,56.44,2026-07-16
1278,317,329.14,2026-01-19
1279,454,118.53,2025-12-20
1280,175,315.11,2025-09-21
1281,334,19.14,2026-07-11
1282,279,432.8,2025-10-22
1283,182,276.53,2025-11-14
1284,446,297.46,2026-01-29
1285,318,264.11,2026-03-29
1286,233,454.92,2026-07-30
1287,375,403.33,2026-02-16
1288,11,209.04,2025-12-26
1289,140,5.05,2026-05-21
1290,9,175.22,2026-06-14
1291,489,345.45,2026-02-27
1292,300,153.31,2026-04-20
1293,383,300.52,2025-11-05
1294,448,98.34,2026-04-22
1295,400,200.4,2025-09-03
1296,82,415.07,2025-12-11
1297,279,214.01,2026-06-07
1298,276,145.92,2025-11-02
1299,187,209.39,2026-06-08
1300,467,72.63,2026-02-28
1301,504,310.78,2026-06-08
1302,51,-97.96,2025-10-04
1303,105,485.01,2026-04-14
1304,449,144.65,2026-04-21
1305,155,364.92,2026-01-27
1306,431,12.29,2026-08-21
1307,381,159.23,2026-01-20
1308,339,234.52,2025-09-15
1309,150,44.71,2025-11-13
1310,74,32.74,2026-01-16
1311,257,273.88,2025-09-07
1312,125,409.54,2025-12-28
1313,395,487.43,2026-07-03
1314,35,386.76,2025-11-10
1315,97,103.59,2026-05-07
1316,485,262.96,2026-04-19
1317,331,197.62,2025-12-02
1318,126,83.51,2026-05-13
1319,204,130.39,2026-01-06
1320,224,183.41,2025-10-19
1321,445,486.77,2026-01-20
1322,283,165.63,2026-04-05
1323,249,294.42,2025-11-02
1324,487,9.42,2026-06-30
1325,92,345.76,2025-12-20
1326,347,128.12,2025-12-17
1327,62,465.77,2026-05-26
1328,110,34.59,2026-04-08
1329,356,67.28,2026-01-03
1330,198,403.74,2026-07-23
1331,138,15.57,2026-09-01
1332,449,129.09,2026-01-05
1333,502,281.72,2026-07-28
1334,357,98.94,2026-01-11
1335,165,165.22,2025-11-09
1336,303,39.09,2026-08-14
1337,465,410.61,2026-08-04
1338,389,5.36,2026-01-27
1339,373,368.16,2025-11-24
1340,65,389.13,2026-05-26
1341,397,330.85,2025-10-20
1342,158,98.99,2026-05-28
1343,330,308.45,2026-04-05
1344,69,59.68,2025-11-02
1345,183,26.67,2026-01-14
1346,498,437.38,2026-04-28
1347,398,99.85,2025-09-15
1348,263,330.67,2026-07-19
1349,73,29.3,2025-12-04
1350,504,11.48,2026-03-16
1351,480,464.56,2025-09-19
1352,426,401.5,2026-09-01
1353,60,411.9,2026-05-02
1354,42,412.7,2026-04-29
1355,80,368.48,2025-09-09
1356,100,472.58,2026-05-12
1357,395,55.11,2026-02-01
1358,255,98.78,2026-01-19
1359,426,287.16,2026-03-21
1360,367,374.32,2026-02-22
1361,438,338.87,2025-10-28
1362,185,442.0,2026-05-14
1363,162,277.23,2026-04-20
1364,361,269.28,2025-12-21
1365,333,451.73,2026-05-02
1366,441,423.2,2026-05-02
1367,247,413.95,2025-12-09
1368,261,283.76,2026-04-11
1369,407,183.2,2025-10-22
1370,292,5.1,2026-07-03
1371,310,299.9,2025-10-10
1372,220,8.25,2026-05-23
1373,283,428.58,2025-10-15
1374,159,459.96,2025-10-13
1375,160,51.67,2025-10-10
1376,256,73.51,2025-11-13
1377,95,120.33,2025-11-14
1378,223,287.39,2025-12-07
1379,495,368.46,2026-03-12
1380,98,90.59,2025-11-14
1381,391,299.64,2026-05-17
1382,343,43.85,2025-12-19
1383,427,177.23,2025-09-16
1384,233,465.47,2026-03-02
1385,12,375.1,2025-11-17
1386,56,318.77,2026-08-09
1387,154,155.87,2026-01-01
1388,157,166.78,2025-09-03
1389,403,30.01,2026-05-05
1390,517,485.66,2026-07-30
1391,404,49.59,2026-07-04
1392,488,78.27,2026-05-04
1393,409,287.86,2025-10-26
1394,445,134.97,2025-10-04
1395,139,388.04,2026-03-08
1396,405,243.06,2026-05-24
1397,253,327.86,2025-10-09
1398,441,124.95,2025-12-04
1399,92,165.09,2025-11-25
1400,375,60.7,2026-08-29
1401,25,177.41,2025-12-19
1402,359,385.99,2026-02-18
1403,453,310.03,2025-10-08
1404,240,313.48,2025-11-04
1405,88,103.84,2025-09-16
1406,152,60.62,2025-12-17
1407,15,435.03,2026-06-22
1408,313,174.92,2025-12-25
1409,215,227.78,2026-05-30
1410,265,371.31,2025-10-06
1411,145,276.66,2026-06-06
1412,386,349.06,2025-09-18
1413,45,293.59,2026-07-10
1414,206,131.45,2026-05-02
1415,55,395.65,2025-11-03
1416,69,235.16,2026-01-10
1417,369,197.38,2026-02-09
1418,396,-432.82,2026-04-17
1419,102,119.43,2026-07-20
1420,91,452.42,2025-10-06
1421,469,97.28,2026-06-27
1422,41,282.54,2025-11-07
1423,342,127.46,2026-01-26
1424,19,247.52,2026-08-20
1425,310,176.66,2025-12-10
1426,514,121.92,2026-01-21
1427,264,141.56,2026-07-10
1428,31,439.95,2026-06-21
1429,231,472.35,2026-04-27
1430,141,80.1,2026-06-20
1431,233,48.46,2025-10-13
1432,437,211.58,2026-05-14
1433,338,485.42,2025-09-23
1434,142,227.34,2026-08-12
1435,208,292.61,2025-10-30
1436,139,431.98,2026-02-01
1437,149,217.88,2026-04-06
1438,162,329.83,2026-06-22
1439,122,162.16,2026-05-08
1440,150,96.15,2025-11-07
1441,424,364.9,2026-01-18
1442,281,480.79,2026-01-11
1443,135,80.22,2025-09-12
1444,274,96.45,2026-05-10
1445,238,304.77,2026-07-05
1446,82,119.3,2026-08-24
1447,515,345.63,2025-10-19
1448,383,423.84,2026-08-04
1449,486,96.07,2025-10-13
1450,34,73.07,2026-01-30
1451,277,207.25,2025-09-18
1452,208,475.35,2025-12-06
1453,450,380.1,2025-12-26
1454,333,434.23,2026-05-17
1455,438,434.05,2026-05-08
1456,390,205.41,2026-06-09
1457,40,361.5,2026-04-01
1458,44,262.72,2026-03-27
1459,406,439.5,2026-08-25
1460,397,492.0,2026-05-05
1461,51,260.48,2026-01-03
1462,312,98.98,2026-03-12
1463,171,387.97,2026-05-16
1464,56,214.12,2025-10-06
1465,475,346.53,2026-05-02
1466,513,415.8,2025-12-01
1467,139,61.02,2026-01-06
1468,26,199.57,2026-05-07
1469,207,93.54,2026-01-20
1470,332,441.86,2026-07-06
1471,168,347.4,2026-03-25
1472,117,360.6,2026-08-29
1473,88,354.58,2025-09-21
1474,164,264.29,2026-04-25
1475,175,192.45,2025-10-29
1476,154,456.57,2026-07-09
1477,53,85.25,2026-07-10
1478,457,212.69,2026-07-17
1479,135,147.95,2025-09-29
1480,260,-480.41,2026-02-28
1481,511,11.04,2025-11-29
1482,506,-274.03,2026-08-23
1483,488,122.75,2025-09-20
1484,7,229.6,2025-11-22
1485,213,126.13,2026-04-25
1486,358,29.21,2026-01-27
1487,306,23.18,2025-11-27
1488,112,168.9,2026-02-17
1489,292,211.39,2026-06-22
1490,182,307.49,2026-02-13
1491,369,483.32,2026-07-12
1492,307,466.08,2026-02-12
1493,70,164.8,2025-10-15
1494,67,380.43,2026-03-03
1495,282,149.95,2026-04-29
1496,215,167.96,2025-10-09
1497,112,349.44,2026-01-30
1498,90,287.83,2026-03-24
1499,295,244.41,2025-09-02
1500,266,216.39,2025-10-05
1501,363,265.07,2026-04-11
1502,509,463.92,2026-04-16
1503,505,262.25,2025-12-22
1504,239,404.95,2026-03-07
1505,2,355.75,2025-11-16
1506,121,63.51,2026-05-05
1507,425,370.05,2026-08-15
1508,218,209.95,2026-01-12
1509,289,10.59,2025-09-21
1510,308,130.94,2025-11-22
1511,7,255.81,2026-02-15
1512,406,61.35,2026-03-26
1513,30,363.58,2026-04-16
1514,347,416.86,2026-02-22
1515,486,461.53,2026-04-30
1516,494,399.64,2026-05-22
1517,344,81.92,2025-10-13
1518,58,233.92,2026-06-06
1519,324,418.38,2025-11-22
1520,340,-279.81,2026-01-04
1521,363,400.77,2026-07-02
1522,32,37.78,2026-08-20
1523,170,172.88,2025-12-17
1524,120,287.64,2026-03-12
1525,323,432.97,2026-05-16
1526,89,356.37,2025-09-18
1527,463,251.04,2025-11-01
1528,310,415.58,2025-10-23
1529,39,91.63,2026-05-22
1530,455,390.01,2026-05-24
1531,513,255.47,2025-10-11
1532,496,81.27,2026-04-13
1533,336,367.56,2025-11-09
1534,136,75.93,2026-08-08
1535,397,106.57,2026-01-23
1536,5,358.27,2026-02-16
1537,90,158.94,2026-06-14
1538,106,169.98,2026-05-22
1539,320,262.69,2025-10-11
1540,215,16.13,2026-01-31
1541,284,163.84,2026-08-07
1542,121,268.48,2026-07-05
1543,118,139.96,2026-04-05
1544,105,12.55,2026-06-11
1545,327,107.26,2026-02-13
1546,291,139.17,2026-04-30
1547,319,289.17,2026-08-17
1548,455,308.57,2025-10-21
1549,52,30.11,2026-03-03
1550,437,57.43,2026-03-15
1551,457,199.0,2025-09-19
1552,203,310.08,2026-08-10
1553,81,357.88,2026-07-06
1554,477,486.97,2026-02-25
1555,480,286.06,2026-03-07
1556,477,53.15,2026-08-05
1557,148,237.92,2025-11-05
1558,373,431.24,2026-04-01
1559,339,199.08,2026-05-27
1560,465,395.45,2025-10-18
1561,116,246.32,2026-01-21
1562,175,178.96,2026-04-09
1563,131,144.72,2026-07-22
1564,110,256.44,2026-03-05
1565,310,166.31,2026-01-20
1566,424,268.71,2026-08-26
1567,163,123.09,2026-08-03
1568,349,487.08,2026-06-08
1569,442,108.08,2025-12-11
1570,351,393.24,2026-08-20
1571,80,274.54,2026-08-23
1572,499,370.99,2026-02-14
1573,334,61.59,2025-10-20
1574,181,279.77,2026-01-31
1575,112,157.48,2026-05-16
1576,389,344.33,2026-06-02
1577,63,167.07,2025-12-20
1578,1,49.81,2026-05-16
1579,464,379.75,2026-07-14
1580,458,267.97,2026-05-20
1581,325,101.85,2026-08-10
1582,312,153.37,2026-04-21
1583,353,459.66,2025-11-14
1584,414,495.19,2026-04-18
1585,64,424.58,2025-12-17
1586,55,187.77,2026-01-06
1587,368,5.42,2026-05-06
1588,32,59.3,2026-08-27
1589,404,121.44,2026-04-27
1590,416,314.48,2026-08-18
1591,178,193.87,2026-03-05
1592,394,240.06,2026-05-14
1593,428,422.45,2025-12-28
1594,129,81.36,2025-10-14
1595,17,71.47,2026-01-08
1596,448,76.28,2026-02-24
1597,141,487.61,2026-03-29
1598,467,322.91,2026-05-04
1599,436,447.32,2026-02-01
1600,435,313.51,2026-06-02
1601,364,278.26,2026-07-06
1602,8,116.74,2025-12-15
1603,243,291.08,2026-07-09
1604,376,357.5,2026-06-24
1605,495,21.56,2026-03-12
1606,494,353.92,2025-09-11
1607,287,481.06,2025-10-25
1608,91,235.14,2026-05-05
1609,80,126.39,2025-11-14
1610,320,343.62,2026-06-03
1611,12,308.45,2025-10-30
1612,481,237.09,2025-12-15
1613,362,289.11,2025-12-02
1614,297,480.49,2026-07-06
1615,312,87.92,2026-05-12
1616,63,364.85,2025-12-19
1617,53,316.5,2026-06-04
1618,28,329.88,2025-09-13
1619,518,146.97,2026-06-26
1620,259,43.05,2025-10-09
1621,264,70.61,2026-07-16
1622,179,12.03,2026-05-30
1623,458,455.52,2026-07-15
1624,242,188.03,2026-05-31
1625,34,245.03,2026-03-26
1626,149,174.71,2025-11-27
1627,508,299.79,2026-06-16
1628,393,377.62,2026-06-21
1629,172,122.78,2025-12-16
1630,354,109.37,2026-05-03
1631,119,31.89,2026-08-07
1632,488,31.0,2026-01-21
1633,240,154.18,2026-08-18
1634,486,193.0,2026-08-25
1635,446,135.0,2025-12-25
1636,460,10.87,2026-03-23
1637,43,194.09,2025-09-06
1638,363,53.2,2025-12-02
1639,280,478.31,2026-04-17
1640,101,170.81,2026-06-14
1641,473,131.4,2026-07-17
1642,200,387.71,2026-07-02
1643,185,262.38,2026-08-01
1644,9,-160.07,2026-05-17
1645,101,-416.69,2026-04-27
1646,360,265.01,2026-06-05
1647,198,113.61,2026-03-21
1648,59,21.85,2026-04-10
1649,223,469.56,2026-06-13
1650,123,475.49,2026-08-20
1651,385,47.76,2025-12-18
1652,190,329.92,2025-11-05
1653,260,448.52,2026-05-09
1654,78,150.81,2025-11-09
1655,284,321.2,2025-11-04
1656,332,385.83,2026-03-09
1657,284,132.38,2026-01-18
1658,341,389.67,2026-02-05
1659,272,498.0,2026-03-24
1660,206,93.08,2025-10-19
1661,504,307.1,2026-04-03
1662,442,58.67,2025-12-04
1663,453,113.1,2025-12-31
1664,75,359.12,2026-05-19
1665,457,39.85,2025-10-28
1666,1,14.29,2025-10-28
1667,273,466.78,2025-12-29
1668,401,80.05,2025-09-20
1669,503,289.45,2026-08-09
1670,72,241.68,2026-04-15
1671,494,-272.36,2026-05-02
1672,368,65.0,2026-02-28
1673,57,170.05,2026-03-30
1674,93,317.97,2026-01-11
1675,349,185.85,2026-06-15
1676,297,44.83,2025-12-27
1677,41,325.66,2025-11-21
1678,307,483.92,2025-11-08
1679,368,349.46,2025-09-26
1680,449,245.82,2026-03-05
1681,198,368.99,2026-02-01
1682,245,17.56,2026-03-17
1683,316,247.17,2025-10-05
1684,461,252.34,2025-11-21
1685,348,-483.45,2025-11-19
1686,44,32.75,2026-01-01
1687,470,205.73,2026-01-12
1688,153,470.34,2025-11-20
1689,74,371.82,2026-06-04
1690,20,23.25,2026-03-15
1691,47,238.25,2026-09-01
1692,15,125.13,2026-06-30
1693,315,90.26,2026-08-27
1694,175,411.27,2025-09-05
1695,109,418.5,2026-05-04
1696,226,61.52,2026-02-12
1697,346,36.24,2026-07-30
1698,412,406.7,2026-04-14
1699,141,165.5,2026-04-17
1700,219,164.19,2026-08-18
1701,344,383.29,2026-05-09
1702,426,36.29,2025-12-28
1703,169,88.19,2026-08-03
1704,42,222.14,2026-08-13
1705,386,71.02,2026-01-21
1706,499,-389.94,2026-03-18
1707,92,-44.96,2025-12-14
1708,291,354.84,2026-08-01
1709,488,211.03,2026-06-29
1710,278,347.72,2026-01-17
1711,179,263.93,2026-06-22
1712,185,307.22,2026-02-12
1713,91,360.01,2025-09-18
1714,357,315.46,2026-07-27
1715,197,212.3,2025-11-11
1716,98,63.17,2026-03-09
1717,520,311.37,2026-08-15
1718,214,113.54,2025-11-02
1719,153,141.83,2026-08-17
1720,486,344.2,2026-03-17
1721,45,251.27,2025-09-04
1722,215,31.74,2025-09-25
1723,465,220.16,2026-05-05
1724,181,26.44,2026-06-12
1725,119,83.23,2026-07-15
1726,456,40.08,2026-02-04
1727,204,298.39,2025-10-10
1728,236,374.81,2026-03-17
1729,101,390.59,2026-05-17
1730,205,122.37,2026-08-25
1731,483,190.89,2026-06-12
1732,447,294.62,2026-04-26
1733,466,76.75,2026-08-11
1734,469,93.14,2026-06-02
1735,277,361.31,2025-10-28
1736,62,105.09,2026-02-17
1737,477,143.9,2026-01-01
1738,352,232.0,2025-10-04
1739,161,113.83,2025-09-21
1740,175,395.83,2026-06-19
1741,236,291.17,2026-03-25
1742,501,47.8,2026-03-31
1743,485,431.79,2025-11-24
1744,439,419.31,2025-12-05
1745,336,369.41,2026-01-22
1746,153,219.95,2026-04-20
1747,428,457.31,2026-02-07
1748,482,490.19,2025-09-08
1749,436,368.07,2026-05-06
1750,101,267.91,2026-03-16
1751,13,228.96,2026-04-24
1752,224,348.11,2026-04-16
1753,93,70.69,2026-06-05
1754,166,12.89,2026-04-04
1755,25,353.14,2026-05-16
1756,142,488.33,2025-09-28
1757,380,437.73,2026-08-07
1758,2,315.27,2025-10-10
1759,341,430.89,2026-06-17
1760,277,267.81,2025-12-21
1761,213,350.54,2025-10-03
1762,344,394.91,2026-06-09
1763,373,369.2,2026-02-09
1764,375,444.55,2026-01-24
1765,376,235.35,2026-05-01
1766,69,91.76,2026-02-22
1767,142,282.58,2026-03-16
1768,117,490.72,2025-10-21
1769,215,326.27,2026-01-23
1770,329,377.82,2026-06-20
1771,434,179.59,2026-03-20
1772,354,142.19,2026-08-19
1773,126,228.94,2025-10-24
1774,300,237.73,2026-05-07
1775,68,228.73,2026-08-02
1776,90,98.24,2026-06-19
1777,296,44.68,2026-05-26
1778,169,479.34,2026-01-16
1779,509,141.59,2026-08-15
1780,24,79.5,2026-03-23
1781,136,150.12,2026-03-24
1782,22,239.58,2025-10-17
1783,238,149.3,2025-09-03
1784,344,418.3,2026-04-08
1785,335,208.79,2026-03-17
1786,456,245.64,2026-08-14
1787,314,231.71,2025-12-22
1788,496,90.01,2026-06-02
1789,49,189.09,2026-07-29
1790,171,78.43,2026-01-05
1791,293,311.22,2026-01-31
1792,158,95.23,2026-04-26
1793,325,84.82,2026-03-08
1794,379,289.39,2025-10-30
1795,36,96.33,2025-11-21
1796,152,334.45,2026-07-04
1797,167,189.59,2025-11-12
1798,26,269.15,2025-11-07
1799,149,205.26,2026-06-21
1800,160,474.16,2026-07-10
1801,520,7.13,2026-07-10
1802,486,168.98,2026-08-09
1803,151,448.51,2026-08-31
1804,453,400.79,2026-02-17
1805,491,172.65,2026-03-22
1806,120,450.59,2025-12-17
1807,226,157.5,2025-09-26
1808,57,225.76,2025-10-07
1809,228,306.03,2026-05-25
1810,201,391.74,2026-02-27
1811,457,16.16,2026-01-01
1812,404,340.15,2025-10-18
1813,58,101.25,2026-04-29
1814,152,454.68,2025-10-08
1815,396,359.4,2026-04-16
1816,360,189.55,2026-07-28
1817,90,157.5,2025-12-27
1818,426,111.77,2026-02-13
1819,435,402.82,2026-04-15
1820,89,365.66,2025-12-22
1821,344,76.1,2026-04-03
1822,385,37.73,2026-03-27
1823,280,48.78,2026-01-13
1824,141,210.18,2025-12-26
1825,297,103.63,2026-02-05
1826,310,279.16,2025-09-03
1827,475,418.12,2025-12-01
1828,158,116.14,2025-11-22
1829,484,135.03,2026-05-30
1830,295,66.47,2026-02-08
1831,251,211.49,2026-07-06
1832,505,19.08,2025-10-21
1833,371,497.19,2026-05-28
1834,265,292.63,2026-07-20
1835,123,315.86,2026-02-18
1836,18,189.74,2026-01-11
1837,60,423.41,2025-12-22
1838,139,77.34,2026-03-22
1839,370,181.91,2025-11-05
1840,365,212.66,2026-04-12
1841,79,29.11,2026-07-07
1842,188,259.36,2026-07-13
1843,172,383.52,2025-10-23
1844,309,274.14,2026-03-18
1845,372,139.37,2025-12-07
1846,148,52.44,2026-07-23
1847,382,11.38,2025-09-29
1848,167,390.51,2025-09-29
1849,227,55.7,2025-09-08
1850,117,416.63,2026-03-06
1851,120,211.59,2025-09-13
1852,492,410.33,2026-04-02
1853,143,177.36,2026-01-28
1854,351,409.43,2026-04-05
1855,122,90.24,2026-07-30
1856,146,115.07,2026-03-22
1857,215,345.58,2026-03-19
1858,115,69.46,2026-09-02
1859,442,43.48,2026-02-21
1860,61,26.05,2026-06-12
1861,45,237.2,2026-01-13
1862,99,37.79,2025-11-22
1863,211,392.27,2026-06-11
1864,360,295.86,2026-05-28
1865,285,19.48,2025-12-17
1866,165,474.65,2026-02-19
1867,248,428.29,2026-03-07
1868,15,254.93,2026-01-25
1869,289,266.78,2026-03-04
1870,5,90.03,2026-05-02
1871,220,486.92,2026-07-09
1872,487,460.64,2026-06-24
1873,451,186.4,2026-04-14
1874,364,338.4,2025-11-01
1875,234,490.74,2026-03-09
1876,322,206.75,2026-02-12
1877,140,66.19,2025-11-06
1878,296,250.43,2026-08-15
1879,336,280.78,2026-05-01
1880,468,249.39,2026-08-22
1881,455,302.19,2026-05-29
1882,439,116.81,2026-02-25
1883,488,98.45,2026-01-11
1884,14,469.85,2025-11-21
1885,108,499.37,2026-02-27
1886,88,201.2,2025-09-25
1887,105,64.01,2026-01-15
1888,173,372.01,2025-09-17
1889,347,37.03,2025-11-16
1890,414,104.13,2026-07-31
1891,512,65.77,2026-01-12
1892,280,142.87,2026-02-20
1893,410,379.37,2026-02-15
1894,415,181.27,2025-09-18
1895,151,493.82,2026-08-26
1896,257,385.16,2025-12-29
1897,138,247.22,2026-05-17
1898,70,19.71,2026-03-11
1899,184,251.58,2026-07-02
1900,157,194.4,2026-07-04
1901,79,154.86,2025-12-07
1902,505,332.23,2026-03-20
1903,510,397.4,2025-11-04
1904,352,247.67,2026-04-29
1905,19,405.69,2026-01-13
1906,441,476.53,2026-04-29
1907,461,440.66,2026-07-04
1908,471,160.71,2026-03-10
1909,311,22.81,2026-01-17
1910,442,442.93,2026-07-31
1911,500,71.57,2026-03-09
1912,503,383.19,2026-01-09
1913,482,331.74,2026-07-16
1914,519,240.58,2026-02-27
1915,387,32.59,2026-02-25
1916,292,310.39,2026-04-11
1917,47,163.64,2026-03-04
1918,28,68.46,2025-10-22
1919,390,383.77,2025-11-01
1920,366,53.19,2025-09-30
1921,251,208.91,2026-04-25
1922,87,127.57,2025-11-18
1923,313,455.64,2025-11-09
1924,334,61.66,2026-01-12
1925,433,23.5,2026-05-22
1926,274,286.18,2025-10-15
1927,23,15.1,2025-11-25
1928,400,492.95,2026-06-25
1929,501,164.6,2026-05-23
1930,345,54.53,2026-02-25
1931,348,250.88,2026-02-24
1932,447,87.48,2025-11-18
1933,78,104.87,2025-10-31
1934,295,420.99,2026-07-04
1935,412,136.25,2025-09-10
1936,95,403.28,2025-09-17
1937,345,360.26,2026-03-30
1938,487,140.32,2025-10-30
1939,79,216.42,2026-04-20
1940,308,327.51,2025-09-16
1941,205,219.29,2026-03-30
1942,465,210.09,2025-09-22
1943,20,337.42,2025-12-05
1944,192,315.78,2025-11-06
1945,479,290.54,2026-08-18
1946,445,137.63,2026-04-09
1947,62,467.64,2026-03-27
1948,152,263.52,2025-09-08
1949,308,123.99,2026-05-23
1950,66,422.84,2026-05-02
1951,274,318.79,2025-12-14
1952,263,412.74,2025-10-03
1953,245,344.99,2026-02-13
1954,252,61.21,2026-08-31
1955,498,399.54,2026-07-16
1956,38,282.11,2025-11-03
1957,30,104.99,2026-07-02
1958,181,132.91,2026-04-09
1959,498,323.93,2026-06-19
1960,86,392.21,2026-06-29
1961,66,160.38,2025-11-07
1962,373,450.78,2026-05-01
1963,407,337.48,2025-12-07
1964,144,471.87,2026-05-25
1965,513,121.84,2026-01-05
1966,258,466.8,2026-02-14
1967,126,250.74,2026-04-06
1968,400,387.73,2025-11-25
1969,434,403.89,2026-01-21
1970,220,112.91,2025-10-11
1971,261,485.11,2025-11-15
1972,384,432.14,2026-07-13
1973,434,351.31,2026-03-05
1974,285,240.05,2026-02-02
1975,372,440.32,2025-10-26
1976,316,240.23,2025-10-07
1977,36,15.43,2026-02-23
1978,56,421.53,2026-04-14
1979,246,346.89,2025-09-16
1980,372,130.23,2026-06-15
1981,243,452.06,2026-03-05
1982,403,429.54,2025-10-15
1983,309,464.12,2026-02-25
1984,242,49.67,2025-10-19
1985,165,152.22,2026-04-10
1986,417,458.37,2026-07-01
1987,83,395.71,2026-07-27
1988,483,412.48,2026-06-12
1989,341,369.79,2026-04-27
1990,103,360.11,2026-03-12
1991,519,413.08,2026-01-15
1992,335,37.85,2025-09-17
1993,54,229.36,2026-03-14
1994,455,322.48,2025-11-24
1995,411,396.55,2026-06-22
1996,85,104.04,2026-06-17
1997,134,59.86,2026-01-19
1998,328,424.25,2026-04-05
1999,137,228.49,2026-05-31
2000,336,134.04,2026-06-07
2001,425,400.77,2026-05-14
2002,387,186.96,2025-10-07
2003,230,472.65,2025-10-21
2004,235,15.26,2026-02-23
2005,204,453.89,2025-11-26
2006,51,134.58,2026-07-13
2007,267,203.51,2025-12-14
2008,175,78.88,2026-07-19
2009,446,473.89,2026-01-29
2010,507,387.81,2025-11-10
2011,196,63.66,2026-05-19
2012,273,473.3,2026-06-17
2013,134,147.54,2026-04-01
2014,221,218.5,2025-10-15
2015,194,497.63,2025-09-04
2016,150,212.07,2026-04-29
2017,242,19.24,2026-05-11
2018,379,310.75,2025-12-26
2019,88,293.54,2026-01-12
2020,332,10.11,2025-10-28
2021,218,487.33,2026-04-28
2022,263,358.1,2025-12-03
2023,54,41.16,2026-07-11
2024,363,169.77,2026-02-04
2025,47,498.39,2026-01-13
2026,391,7.65,2025-12-11
2027,380,154.74,2026-05-09
2028,43,70.46,2026-06-05
2029,516,292.34,2026-01-31
2030,480,248.96,2026-06-15
2031,444,70.3,2026-02-25
2032,46,75.19,2026-01-15
2033,288,489.37,2026-03-24
2034,290,375.17,2025-12-03
2035,271,451.88,2025-12-23
2036,169,260.9,2026-01-06
2037,155,161.19,2026-05-18
2038,451,280.06,2026-05-29
2039,236,31.34,2026-07-11
2040,168,95.65,2026-05-01
2041,507,354.45,2026-06-02
2042,497,25.19,2026-02-12
2043,152,231.59,2026-05-15
2044,291,66.21,2025-10-31
2045,280,94.42,2025-11-19
2046,218,283.81,2026-01-26
2047,185,293.86,2026-01-03
2048,511,211.13,2026-03-22
2049,27,340.07,2026-05-15
2050,125,145.72,2026-05-18
2051,109,200.11,2025-10-30
2052,84,419.3,2026-08-21
2053,492,232.82,2025-09-03
2054,6,229.76,2025-10-05
2055,464,168.07,2025-10-25
2056,133,165.83,2026-08-06
2057,290,109.63,2026-02-08
2058,73,164.97,2025-09-25
2059,95,275.84,2025-11-22
2060,409,202.43,2025-10-01
2061,167,49.15,2025-09-15
2062,158,197.31,2026-01-20
2063,443,64.7,2026-08-28
2064,135,369.27,2026-04-14
2065,377,182.73,2026-03-11
2066,398,258.76,2026-05-20
2067,434,240.84,2026-04-08
2068,378,49.66,2026-08-14
2069,437,308.86,2026-06-29
2070,475,51.01,2026-04-24
2071,159,339.84,2026-02-09
2072,86,465.68,2025-11-14
2073,490,148.9,2026-04-30
2074,308,153.69,2026-06-23
2075,303,421.56,2025-12-15
2076,47,286.43,2025-09-14
2077,423,259.14,2026-04-09
2078,260,51.77,2026-03-09
2079,516,180.95,2025-11-25
2080,474,13.05,2025-11-03
2081,403,93.88,2025-09-15
2082,305,27.4,2025-11-28
2083,461,160.4,2025-09-02
2084,192,313.79,2025-10-29
2085,266,109.48,2026-09-01
2086,19,436.45,2026-06-14
2087,176,7.89,2026-01-09
2088,415,329.62,2026-01-24
2089,499,435.05,2026-04-04
2090,370,154.89,2026-03-10
2091,405,346.88,2026-05-29
2092,139,403.3,2025-09-27
2093,17,11.87,2025-10-05
2094,28,349.54,2025-12-15
2095,248,108.57,2026-07-02
2096,196,220.72,2026-08-02
2097,152,47.62,2026-01-07
2098,171,239.62,2026-08-20
2099,456,451.7,2025-12-12
2100,461,482.11,2026-04-11
2101,402,294.69,2025-11-12
2102,443,-30.21,2026-08-08
2103,298,489.85,2026-03-31
2104,500,23.32,2025-12-06
2105,20,119.79,2026-01-29
2106,66,213.89,2025-10-10
2107,485,137.59,2025-09-28
2108,356,62.89,2025-12-18
2109,166,226.92,2026-08-14
2110,353,147.57,2026-06-22
2111,348,221.86,2026-08-18
2112,480,461.26,2026-07-19
2113,400,69.92,2026-06-26
2114,369,480.1,2026-03-31
2115,166,399.01,2026-05-14
2116,89,312.81,2026-08-21
2117,205,335.19,2026-03-27
2118,426,82.38,2026-06-10
2119,241,471.81,2026-06-06
2120,19,108.67,2026-08-19
2121,163,182.6,2026-02-16
2122,516,91.48,2026-02-17
2123,441,20.83,2026-04-04
2124,230,61.41,2025-09-12
2125,364,245.75,2025-10-14
2126,274,385.84,2025-09-26
2127,107,448.68,2026-04-21
2128,449,354.67,2026-08-31
2129,114,400.5,2026-05-07
2130,105,487.46,2025-11-25
2131,108,412.69,2025-12-26
2132,211,87.69,2026-08-17
2133,300,455.94,2026-03-10
2134,511,355.54,2025-09-05
2135,373,367.61,2026-07-03
2136,207,170.63,2025-12-01
2137,7,222.36,2025-10-06
2138,350,126.43,2026-05-06
2139,273,146.95,2026-06-29
2140,370,189.36,2025-09-29
2141,432,316.57,2026-08-08
2142,440,394.67,2026-02-23
2143,470,209.64,2026-01-09
2144,371,476.16,2026-07-26
2145,11,472.15,2025-12-09
2146,72,360.22,2026-08-14
2147,169,46.97,2026-05-10
2148,38,219.87,2026-08-01
2149,60,331.79,2026-03-03
2150,303,488.98,2025-11-14
2151,312,212.56,2026-05-29
2152,353,362.17,2026-07-18
2153,151,8.91,2025-11-16
2154,211,351.65,2025-11-15
2155,453,444.35,2025-12-02
2156,415,350.25,2026-04-16
2157,87,388.82,2025-10-29
2158,130,23.3,2025-10-11
2159,219,262.63,2026-08-04
2160,349,50.95,2026-05-07
2161,29,379.74,2026-05-02
2162,265,445.71,2026-04-14
2163,433,124.46,2026-06-08
2164,62,493.54,2026-03-19
2165,520,421.58,2025-09-17
2166,128,180.46,2026-02-25
2167,6,227.12,2026-04-17
2168,240,229.31,2026-03-01
2169,144,178.42,2026-08-28
2170,254,358.6,2026-07-27
2171,198,57.09,2026-07-16
2172,101,412.31,2026-02-28
2173,422,77.54,2026-08-28
2174,134,45.56,2026-08-03
2175,379,240.75,2025-12-13
2176,405,340.03,2025-11-22
2177,434,436.65,2026-04-01
2178,502,498.27,2025-09-21
2179,167,367.2,2026-06-21
2180,469,76.45,2026-02-24
2181,121,69.05,2026-03-18
2182,34,348.76,2026-03-04
2183,379,374.52,2026-01-24
2184,419,461.24,2026-05-11
2185,297,59.62,2025-11-04
2186,381,24.94,2026-08-25
2187,302,155.94,2026-05-15
2188,146,245.53,2026-02-17
2189,313,392.98,2026-05-12
2190,501,445.08,2025-09-06
2191,70,6.03,2025-11-18
2192,318,435.86,2026-04-02
2193,387,285.05,2025-12-30
2194,136,240.24,2026-04-14
2195,472,382.17,2025-12-06
2196,153,382.03,2026-03-21
2197,420,433.84,2025-11-27
2198,348,196.68,2026-02-21
2199,454,272.79,2026-04-14
2200,170,369.28,2026-01-13
2201,317,355.07,2026-03-03
2202,88,282.72,2025-11-18
2203,55,100.25,2026-05-16
2204,488,478.86,2026-01-16
2205,185,-253.81,2026-07-11
2206,211,481.38,2025-12-13
2207,455,126.42,2025-11-06
2208,329,46.9,2025-10-19
2209,24,203.89,2026-03-31
2210,25,173.28,2025-11-24
2211,264,430.53,2025-10-08
2212,173,50.06,2025-12-09
2213,92,146.25,2025-11-27
2214,174,81.34,2026-02-07
2215,186,34.16,2026-01-19
2216,400,18.45,2025-10-25
2217,332,53.88,2026-08-19
2218,124,132.68,2025-10-26
2219,243,30.68,2026-06-23
2220,395,249.02,2025-11-05
2221,326,474.93,2026-03-03
2222,496,235.09,2026-09-01
2223,20,19.31,2026-07-09
2224,104,138.23,2026-03-10
2225,129,126.93,2026-05-23
2226,86,155.78,2026-06-16
2227,146,423.91,2025-12-20
2228,252,189.79,2026-03-26
2229,463,271.08,2026-03-28
2230,297,25.69,2026-01-25
2231,62,328.26,2026-05-12
2232,257,467.09,2025-09-23
2233,360,420.55,2026-06-26
2234,289,422.01,2026-02-23
2235,72,27.51,2026-04-20
2236,126,153.82,2026-02-13
2237,287,416.1,2026-01-02
2238,517,439.75,2026-01-12
2239,351,478.92,2026-03-26
2240,464,319.41,2026-08-09
2241,330,140.14,2025-12-05
2242,337,174.11,2025-09-09
2243,3,12.86,2025-10-16
2244,10,-306.35,2026-07-16
2245,501,337.99,2026-08-20
2246,80,382.42,2025-11-13
2247,456,271.63,2026-03-31
2248,386,337.76,2026-04-27
2249,182,414.6,2025-11-04
2250,9,420.38,2026-06-14
2251,198,66.76,2026-01-09
2252,21,225.07,2026-05-06
2253,367,380.42,2026-02-27
2254,311,99.8,2026-05-29
2255,506,405.17,2026-07-24
2256,505,483.81,2026-01-19
2257,215,452.73,2025-12-15
2258,406,8.53,2026-04-21
2259,513,59.92,2025-10-25
2260,180,249.54,2025-11-02
2261,67,37.35,2026-06-24
2262,234,68.08,2026-01-03
2263,281,441.1,2026-04-21
2264,259,99.97,2026-03-30
2265,3,341.94,2026-07-09
2266,54,469.26,2025-09-28
2267,417,427.66,2025-10-31
2268,478,140.65,2025-11-24
2269,45,250.31,2025-12-26
2270,285,442.48,2025-12-17
2271,324,459.6,2025-12-08
2272,84,7.55,2026-04-25
2273,232,440.65,2025-12-10
2274,77,489.16,2026-02-11
2275,338,458.91,2026-07-14
2276,100,158.85,2026-01-12
2277,25,18.8,2026-04-04
2278,343,298.3,2026-08-21
2279,485,421.05,2026-01-31
2280,56,122.99,2025-11-08
2281,243,411.71,2025-09-10
2282,450,472.06,2026-05-26
2283,128,383.23,2026-05-02
2284,35,47.34,2026-08-12
2285,67,191.81,2026-05-16
2286,453,392.41,2025-10-01
2287,443,32.12,2025-11-02
2288,54,37.57,2025-10-09
2289,99,150.98,2025-09-25
2290,11,310.56,2026-07-20
2291,439,229.44,2026-03-21
2292,348,440.57,2025-09-11
2293,27,327.21,2026-01-25
2294,198,229.77,2026-06-08
2295,70,-58.46,2025-10-02
2296,130,298.48,2025-12-07
2297,432,320.5,2025-10-28
2298,191,243.29,2026-04-29
2299,62,125.36,2026-07-23
2300,367,68.2,2025-12-24
2301,150,159.04,2025-12-01
2302,352,77.97,2025-12-15
2303,149,149.08,2026-04-19
2304,56,33.37,2025-10-20
2305,206,213.92,2026-07-05
2306,71,322.07,2025-09-12
2307,479,174.07,2026-05-02
2308,344,301.88,2026-07-13
2309,167,309.97,2025-12-30
2310,44,56.9,2026-02-23
2311,229,250.49,2026-08-24
2312,219,348.14,2026-03-18
2313,340,123.31,2025-12-10
2314,410,404.6,2026-02-11
2315,372,96.2,2026-08-22
2316,118,9.9,2026-05-15
2317,369,75.49,2025-11-05
2318,203,26.73,2026-04-08
2319,269,145.63,2026-04-20
2320,252,360.82,2026-04-22
2321,269,93.38,2026-03-27
2322,141,455.77,2026-03-12
2323,114,192.57,2026-04-24
2324,468,172.5,2025-12-24
2325,176,123.87,2026-01-07
2326,445,470.88,2026-03-18
2327,148,439.8,2026-06-23
2328,195,441.95,2026-02-10
2329,384,99.88,2026-01-13
2330,251,162.39,2025-12-06
2331,194,460.9,2025-12-22
2332,153,427.95,2025-09-02
2333,287,167.2,2026-06-27
2334,501,437.06,2026-07-09
2335,482,108.57,2026-01-05
2336,172,396.54,2026-02-20
2337,384,256.76,2025-09-05
2338,330,251.8,2026-08-05
2339,495,357.68,2026-08-14
2340,275,359.25,2026-02-23
2341,38,292.69,2025-09-05
2342,463,107.56,2026-02-06
2343,314,432.27,2025-12-18
2344,161,215.39,2025-11-25
2345,87,468.07,2025-09-04
2346,456,71.49,2026-01-16
2347,43,261.82,2026-01-30
2348,437,235.3,2026-03-26
2349,377,228.32,2026-01-24
2350,392,403.23,2025-10-31
2351,272,17.24,2026-05-29
2352,85,324.45,2026-01-22
2353,81,150.79,2026-01-18
2354,101,394.01,2025-12-07
2355,206,63.7,2026-02-03
2356,257,170.21,2025-11-28
2357,282,154.84,2026-06-08
2358,142,99.37,2026-08-01
2359,268,499.21,2026-06-24
2360,355,9.22,2026-05-10
2361,416,392.65,2025-12-15
2362,13,411.82,2026-05-31
2363,153,238.64,2026-06-25
2364,215,433.41,2026-01-31
2365,480,239.85,2026-07-11
2366,88,362.64,2025-11-07
2367,428,159.97,2025-12-16
2368,31,108.74,2026-04-23
2369,132,190.48,2026-04-16
2370,512,156.26,2025-12-10
2371,348,406.15,2026-04-17
2372,414,116.62,2025-11-09
2373,307,382.61,2025-09-09
2374,33,166.41,2025-09-20
2375,339,461.46,2026-03-16
2376,401,286.25,2025-11-09
2377,401,490.19,2025-10-09
2378,487,36.54,2025-12-09
2379,463,58.78,2026-05-21
2380,176,321.31,2026-05-26
2381,33,56.64,2025-11-26
2382,28,414.11,2025-10-27
2383,396,97.41,2026-03-01
2384,72,145.49,2026-01-05
2385,12,230.06,2025-12-25
2386,421,90.05,2026-06-21
2387,133,198.6,2026-09-02
2388,71,270.54,2026-02-18
2389,212,197.55,2026-06-18
2390,443,69.32,2025-12-31
2391,163,409.86,2026-07-07
2392,208,303.84,2026-08-16
2393,283,253.73,2025-09-22
2394,457,104.84,2026-06-12
2395,253,36.67,2025-09-28
2396,503,265.3,2026-02-21
2397,94,232.8,2025-11-11
2398,468,147.52,2026-07-07
2399,305,176.66,2026-06-28
2400,180,198.59,2026-07-02
2401,443,210.45,2025-10-16
2402,188,231.62,2026-06-10
2403,45,350.77,2025-12-02
2404,281,123.65,2026-06-11
2405,69,441.87,2026-02-11
2406,223,350.53,2026-05-29
2407,125,454.82,2025-09-14
2408,108,497.68,2026-02-17
2409,420,254.68,2026-06-11
2410,519,228.21,2026-03-11
2411,473,27.09,2026-08-27
2412,200,193.67,2026-02-22
2413,118,-201.35,2026-05-09
2414,476,356.0,2025-12-25
2415,249,244.96,2025-12-29
2416,483,358.22,2026-04-20
2417,175,411.11,2025-09-17
2418,182,420.06,2026-08-11
2419,401,150.6,2026-03-11
2420,12,88.38,2025-12-03
2421,367,340.3,2026-04-23
2422,222,93.08,2025-11-13
2423,106,223.82,2026-07-23
2424,54,198.36,2026-07-15
2425,387,301.11,2025-11-20
2426,384,384.72,2025-10-13
2427,17,454.83,2026-04-21
2428,346,213.73,2025-12-29
2429,65,411.16,2025-11-02
2430,172,114.18,2025-12-12
2431,111,363.39,2025-10-15
2432,195,408.73,2026-06-17
2433,405,314.21,2025-09-05
2434,219,469.77,2025-09-17
2435,16,57.41,2026-06-15
2436,399,204.06,2026-02-22
2437,286,110.32,2026-04-08
2438,69,326.72,2026-01-15
2439,512,443.3,2025-10-04
2440,176,491.64,2025-10-29
2441,333,129.71,2025-10-05
2442,137,490.8,2026-04-16
2443,326,169.36,2026-08-08
2444,70,489.12,2026-09-01
2445,460,170.88,2026-04-18
2446,239,194.27,2025-09-23
2447,14,254.19,2026-04-25
2448,128,120.14,2026-05-16
2449,250,157.88,2026-06-18
2450,384,311.78,2025-10-18
2451,385,251.87,2025-11-26
2452,455,106.17,2026-08-27
2453,285,370.93,2026-06-17
2454,41,162.18,2026-06-05
2455,296,262.83,2026-06-23
2456,340,376.52,2026-02-09
2457,56,174.65,2025-11-11
2458,255,453.78,2026-05-12
2459,228,401.72,2026-01-11
2460,330,305.99,2025-10-21
2461,67,95.86,2026-07-27
2462,198,435.58,2026-02-26
2463,210,30.79,2026-02-09
2464,210,67.15,2025-12-18
2465,479,121.97,2026-05-15
2466,251,159.17,2025-11-10
2467,311,214.89,2025-11-09
2468,207,146.25,2026-01-07
2469,82,139.57,2026-05-28
2470,387,475.75,2025-12-11
2471,518,88.04,2026-07-03
2472,160,306.65,2026-08-02
2473,21,410.7,2026-03-23
2474,86,382.16,2025-09-27
2475,157,380.63,2025-10-28
2476,390,278.66,2025-12-19
2477,385,234.51,2025-12-07
2478,342,283.26,2026-01-14
2479,159,72.64,2025-09-02
2480,513,-458.49,2026-04-23
2481,415,366.53,2026-01-18
2482,383,463.22,2025-11-08
2483,73,195.1,2025-09-08
2484,128,207.35,2026-07-12
2485,199,195.49,2026-06-13
2486,357,382.66,2025-11-28
2487,378,257.26,2026-05-23
2488,435,349.75,2026-04-30
2489,36,369.15,2026-03-18
2490,29,461.13,2026-01-21
2491,268,350.25,2026-03-12
2492,151,304.69,2026-03-03
2493,166,130.87,2026-03-22
2494,394,11.11,2026-04-14
2495,83,201.85,2025-12-29
2496,434,261.68,2026-04-24
2497,310,87.08,2025-10-12
2498,392,252.82,2026-03-12
2499,92,295.11,2025-09-26
2500,353,59.09,2026-07-04
2501,215,408.04,2025-10-19
2502,316,465.36,2026-07-18
2503,504,8.18,2025-11-14
2504,428,5.78,2026-02-26
2505,442,264.86,2025-10-08
2506,138,89.46,2026-03-29
2507,113,103.02,2026-07-05
2508,191,228.08,2026-04-30
2509,197,104.47,2026-03-13
2510,419,133.38,2026-05-16
2511,112,223.16,2025-12-04
2512,301,434.84,2026-01-14
2513,66,47.42,2026-04-11
2514,490,174.37,2025-09-27
2515,10,245.17,2026-08-08
2516,8,35.22,2025-11-17
2517,43,334.33,2026-02-28
2518,8,52.94,2026-07-24
2519,273,190.95,2025-10-01
2520,346,466.4,2026-06-22
2521,352,304.16,2025-09-24
2522,370,499.73,2026-03-25
2523,59,334.21,2026-08-11
2524,103,487.78,2026-02-01
2525,412,6.53,2026-01-15
2526,143,363.98,2026-05-19
2527,287,17.71,2026-06-30
2528,255,475.78,2025-12-08
2529,487,187.37,2025-09-16
2530,4,259.88,2025-09-27
2531,330,493.16,2025-12-22
2532,47,13.23,2026-08-13
2533,455,484.95,2026-08-19
2534,84,120.61,2025-10-07
2535,488,177.43,2026-05-25
2536,103,493.5,2026-03-15
2537,200,368.47,2025-11-10
2538,517,357.41,2026-03-13
2539,90,20.71,2025-12-02
2540,479,154.17,2026-04-18
2541,119,88.19,2025-11-06
2542,250,243.67,2026-06-03
2543,92,109.76,2026-01-31
2544,30,57.21,2025-10-10
2545,393,84.32,2026-04-23
2546,264,384.32,2026-01-11
2547,127,334.64,2026-02-16
2548,504,334.41,2026-05-03
2549,230,49.77,2026-07-22
2550,67,466.23,2025-11-02
2551,391,323.77,2025-11-07
2552,448,328.69,2026-01-26
2553,119,405.18,2026-01-03
2554,349,149.03,2025-10-29
2555,119,371.59,2026-09-02
2556,321,288.56,2026-02-11
2557,2,477.26,2026-01-08
2558,195,158.85,2025-12-26
2559,328,424.32,2026-08-30
2560,130,386.78,2025-12-29
2561,228,262.28,2026-01-16
2562,472,-57.76,2026-06-08
2563,304,161.38,2026-02-06
2564,467,419.42,2026-05-25
2565,36,77.98,2026-04-12
2566,127,301.45,2026-03-27
2567,490,140.36,2025-11-19
2568,299,317.38,2026-06-09
2569,342,353.55,2026-08-06
2570,231,80.59,2025-12-03
2571,184,351.7,2026-08-19
2572,307,429.11,2026-02-12
2573,164,492.27,2026-01-25
2574,346,495.58,2026-05-25
2575,357,214.11,2026-08-27
2576,290,380.07,2026-04-08
2577,404,144.77,2026-03-10
2578,56,53.17,2026-08-31
2579,469,425.66,2025-12-21
2580,453,329.04,2025-12-20
2581,149,349.5,2025-11-22
2582,201,108.83,2026-07-12
2583,105,-368.98,2025-09-09
2584,152,340.77,2026-06-29
2585,173,191.4,2026-05-12
2586,486,463.36,2025-12-12
2587,347,93.92,2026-03-23
2588,414,298.73,2026-03-24
2589,407,126.28,2026-08-06
2590,177,246.87,2025-10-28
2591,92,328.13,2025-09-15
2592,392,389.98,2026-01-10
2593,377,141.23,2025-10-22
2594,125,10.74,2026-01-14
2595,231,247.16,2026-04-03
2596,492,16.4,2025-11-26
2597,186,140.49,2026-06-25
2598,445,195.06,2025-10-05
2599,334,152.69,2026-01-26
2600,190,36.43,2026-08-03
2601,404,205.64,2026-05-28
2602,501,280.25,2026-05-24
2603,128,36.65,2026-06-19
2604,121,377.99,2025-11-04
2605,185,94.43,2026-07-01
2606,322,7.64,2026-05-12
2607,212,65.91,2026-03-31
2608,263,328.06,2026-07-31
2609,128,426.47,2026-04-07
2610,176,255.54,2025-12-20
2611,1,214.41,2026-05-27
2612,301,127.93,2026-03-31
2613,503,331.28,2025-09-30
2614,361,349.08,2025-09-22
2615,102,305.06,2026-06-11
2616,38,333.0,2026-01-07
2617,221,98.1,2026-06-28
2618,222,478.92,2026-02-01
2619,433,297.93,2026-07-16
2620,391,41.81,2026-07-17
2621,468,326.64,2025-11-23
2622,436,46.21,2026-04-28
2623,209,470.4,2026-04-10
2624,198,39.93,2025-09-06
2625,168,358.65,2026-06-13
2626,445,212.74,2026-01-19
2627,254,192.58,2025-12-22
2628,113,43.37,2025-09-17
2629,338,343.57,2026-03-18
2630,342,321.89,2025-10-26
2631,232,390.15,2026-03-04
2632,228,140.46,2025-11-21
2633,127,192.42,2025-09-20
2634,314,91.99,2026-05-27
2635,98,296.47,2026-01-23
2636,289,266.84,2026-02-12
2637,50,278.01,2026-04-07
2638,399,89.52,2026-03-05
2639,413,94.43,2025-11-22
2640,10,241.05,2025-12-17
2641,130,344.9,2026-01-24
2642,274,75.62,2025-10-20
2643,380,31.17,2025-10-02
2644,429,355.21,2026-03-30
2645,363,354.86,2025-09-20
2646,283,400.24,2026-01-26
2647,235,476.55,2025-10-03
2648,313,156.07,2026-03-04
2649,93,206.22,2026-06-12
2650,246,319.16,2025-10-19
2651,59,472.71,2025-10-21
2652,505,46.87,2026-03-25
2653,435,-405.13,2026-02-27
2654,140,340.13,2026-04-28
2655,128,242.43,2025-11-12
2656,8,205.71,2026-04-15
2657,354,358.51,2026-05-29
2658,44,125.89,2025-12-01
2659,231,305.65,2025-09-28
2660,137,91.53,2026-06-13
2661,433,259.27,2025-12-29
2662,116,250.28,2026-08-06
2663,121,172.29,2025-10-04
2664,272,148.58,2026-05-05
2665,404,110.47,2026-02-04
2666,37,112.64,2026-01-07
2667,500,468.03,2025-12-28
2668,472,-33.46,2026-04-07
2669,6,167.63,2025-09-10
2670,412,178.11,2025-12-22
2671,504,180.49,2026-08-29
2672,158,102.78,2026-04-15
2673,8,208.31,2026-08-30
2674,232,82.04,2026-02-10
2675,374,238.0,2025-10-25
2676,276,217.03,2025-09-18
2677,450,58.8,2026-06-28
2678,445,85.11,2025-11-14
2679,204,7.88,2026-01-16
2680,137,59.78,2026-06-06
2681,33,200.3,2026-07-11
2682,491,84.35,2025-10-13
2683,122,480.05,2025-09-21
2684,131,213.44,2026-08-15
2685,410,165.82,2026-08-07
2686,399,253.42,2026-07-16
2687,22,70.05,2026-06-29
2688,14,67.43,2025-09-07
2689,351,384.86,2026-05-13
2690,9,217.68,2025-10-12
2691,498,219.99,2026-02-13
2692,157,45.89,2025-09-10
2693,288,365.98,2025-11-17
2694,254,384.53,2026-03-17
2695,486,334.83,2025-11-15
2696,515,354.7,2026-03-12
2697,153,307.49,2025-12-05
2698,40,118.55,2026-02-25
2699,150,140.56,2026-05-27
2700,94,216.02,2025-10-23
2701,314,432.85,2026-05-15
2702,228,351.58,2025-09-08
2703,438,171.41,2026-04-03
2704,276,323.72,2026-05-02
2705,429,184.97,2025-09-17
2706,187,127.25,2025-11-03
2707,330,25.24,2025-12-14
2708,104,109.93,2026-06-17
2709,504,218.3,2026-04-16
2710,100,184.97,2025-09-21
2711,134,336.13,2026-04-29
2712,371,168.95,2025-09-05
2713,381,372.75,2026-01-22
2714,394,122.93,2025-12-10
2715,124,48.18,2026-07-10
2716,196,25.31,2026-05-01
2717,102,100.5,2026-07-15
2718,352,42.07,2025-09-08
2719,207,154.23,2026-07-16
2720,131,269.11,2026-04-27
2721,259,99.89,2025-11-25
2722,356,446.34,2026-01-19
2723,121,447.98,2026-08-25
2724,430,455.87,2025-10-08
2725,23,264.26,2025-12-26
2726,133,87.63,2026-07-16
2727,63,148.38,2026-03-15
2728,408,398.22,2025-11-09
2729,77,250.04,2026-03-04
2730,394,86.93,2026-02-16
2731,279,283.44,2026-08-07
2732,224,-107.43,2025-09-09
2733,467,-298.1,2025-12-01
2734,266,254.39,2026-03-14
2735,275,155.19,2026-01-02
2736,47,278.31,2026-01-23
2737,152,269.12,2025-10-29
2738,137,471.31,2026-01-06
2739,255,138.87,2026-01-08
2740,119,494.82,2026-04-18
2741,378,5.69,2025-11-27
2742,271,165.66,2026-08-26
2743,302,362.43,2026-03-04
2744,11,165.69,2026-06-26
2745,287,412.85,2026-04-19
2746,109,92.48,2026-07-20
2747,264,362.69,2026-07-24
2748,212,435.66,2026-06-27
2749,276,409.34,2025-09-12
2750,405,105.94,2026-03-24
2751,445,82.04,2025-12-13
2752,96,187.48,2025-10-27
2753,181,250.5,2026-07-27
2754,185,98.49,2026-04-30
2755,167,325.54,2025-10-04
2756,193,443.2,2026-01-19
2757,252,39.38,2026-08-19
2758,413,230.24,2026-04-14
2759,13,54.62,2026-04-18
2760,22,303.63,2025-11-24
2761,45,-59.47,2025-11-28
2762,275,70.43,2025-10-27
2763,14,75.6,2026-08-23
2764,109,-397.24,2026-07-31
2765,88,273.47,2025-12-31
2766,455,105.15,2026-03-19
2767,491,408.66,2025-11-16
2768,274,81.48,2025-10-22
2769,46,315.61,2026-03-19
2770,426,55.89,2026-06-21
2771,25,75.21,2026-07-14
2772,362,117.2,2025-12-24
2773,394,329.41,2026-05-18
2774,116,344.95,2026-03-12
2775,230,248.45,2025-10-21
2776,366,55.36,2026-09-01
2777,370,42.76,2026-08-25
2778,45,462.04,2025-10-25
2779,343,304.23,2026-08-09
2780,154,301.81,2026-08-03
2781,294,447.09,2025-12-27
2782,512,177.45,2026-03-24
2783,79,332.56,2026-08-15
2784,153,395.48,2025-10-15
2785,152,390.0,2025-12-27
2786,490,198.35,2026-07-20
2787,438,408.25,2026-05-26
2788,93,479.99,2026-06-09
2789,395,164.91,2026-07-21
2790,493,179.54,2026-01-31
2791,342,348.24,2026-01-30
2792,252,73.42,2026-02-11
2793,505,194.68,2026-08-09
2794,394,268.57,2026-07-26
2795,225,46.39,2026-08-09
2796,3,353.03,2025-12-11
2797,372,105.62,2026-06-14
2798,113,281.4,2025-10-11
2799,143,34.49,2025-11-08
2800,432,150.88,2026-06-08
2801,58,125.04,2026-04-13
2802,147,374.76,2025-12-08
2803,435,191.84,2026-03-28
2804,76,188.98,2025-11-25
2805,162,241.03,2025-11-25
2806,81,19.94,2026-05-11
2807,427,-126.3,2026-01-11
2808,144,79.11,2026-05-11
2809,307,375.31,2026-02-23
2810,455,237.74,2026-03-04
2811,294,391.79,2026-04-11
2812,33,60.08,2026-05-20
2813,165,304.07,2026-01-16
2814,466,10.38,2026-07-10
2815,514,279.31,2026-02-28
2816,161,156.49,2025-10-22
2817,387,139.55,2025-11-11
2818,217,489.07,2025-09-13
2819,402,203.2,2026-06-08
2820,80,95.93,2025-09-07
2821,321,409.2,2025-12-09
2822,390,328.09,2026-01-31
2823,435,86.59,2026-05-31
2824,80,101.39,2026-08-29
2825,344,184.54,2026-06-06
2826,110,18.88,2025-09-26
2827,317,37.33,2026-08-07
2828,34,97.93,2026-08-28
2829,46,123.97,2026-07-16
2830,47,284.05,2026-02-28
2831,317,28.78,2025-12-29
2832,290,9.2,2026-02-16
2833,323,479.58,2025-12-01
2834,133,377.16,2026-01-28
2835,418,352.82,2025-09-17
2836,515,448.77,2026-05-29
2837,392,404.71,2026-01-19
2838,39,241.09,2025-12-25
2839,475,148.61,2026-04-13
2840,238,43.98,2026-05-31
2841,145,442.78,2026-04-07
2842,514,385.57,2026-03-13
2843,350,260.57,2026-07-19
2844,298,226.5,2026-06-17
2845,442,183.36,2026-03-11
2846,397,24.81,2026-02-14
2847,77,123.36,2026-07-01
2848,510,479.22,2025-09-17
2849,317,-53.22,2026-09-01
2850,90,275.83,2026-03-10
2851,174,251.96,2026-01-24
2852,287,467.36,2026-05-29
2853,73,290.37,2026-03-25
2854,265,93.7,2026-03-09
2855,453,493.14,2026-04-20
2856,127,326.89,2025-09-20
2857,373,485.98,2025-12-17
2858,133,430.21,2026-01-25
2859,322,223.21,2025-12-22
2860,519,189.97,2026-07-01
2861,44,227.8,2026-02-17
2862,251,312.2,2026-02-03
2863,159,351.37,2026-04-14
2864,163,427.26,2025-09-21
2865,229,287.22,2026-03-10
2866,96,197.17,2025-10-24
2867,477,177.72,2026-07-02
2868,111,59.01,2026-02-14
2869,444,459.14,2026-05-24
2870,325,103.74,2025-10-13
2871,218,174.5,2026-06-14
2872,286,352.63,2026-08-11
2873,482,230.02,2026-05-14
2874,33,77.03,2025-10-21
2875,64,493.97,2026-01-31
2876,441,468.55,2026-02-14
2877,217,489.39,2025-11-06
2878,434,434.67,2026-04-06
2879,86,138.57,2026-05-20
2880,84,75.16,2025-11-14
2881,430,152.68,2026-02-15
2882,266,264.77,2025-12-02
2883,439,96.12,2026-05-13
2884,169,174.3,2026-07-31
2885,494,103.31,2026-06-20
2886,165,240.37,2026-05-22
2887,399,482.97,2025-10-17
2888,204,412.39,2025-10-13
2889,149,43.52,2026-02-13
2890,325,165.25,2026-01-12
2891,152,12.02,2026-03-12
2892,417,252.23,2026-01-20
2893,462,135.09,2026-06-18
2894,461,471.95,2026-03-08
2895,38,321.26,2026-08-15
2896,431,113.22,2026-01-18
2897,387,349.74,2026-01-19
2898,196,111.99,2026-06-10
2899,15,486.01,2026-08-01
2900,310,188.28,2026-03-27
2901,128,448.84,2026-05-01
2902,467,351.16,2025-10-26
2903,437,209.96,2026-07-16
2904,117,263.97,2025-11-06
2905,383,463.54,2026-05-20
2906,447,92.56,2026-02-02
2907,448,193.87,2025-12-24
2908,102,318.88,2026-06-10
2909,107,497.7,2026-02-12
2910,422,-49.37,2026-04-19
2911,103,56.32,2025-10-15
2912,34,318.59,2025-10-20
2913,217,335.52,2025-11-15
2914,391,115.33,2026-04-17
2915,128,61.68,2025-12-03
2916,476,178.55,2026-02-16
2917,406,209.4,2026-07-12
2918,230,8.76,2026-03-19
2919,271,256.24,2025-09-04
2920,425,157.16,2026-07-22
2921,425,-338.28,2025-11-28
2922,384,21.17,2026-04-05
2923,326,421.18,2026-02-23
2924,441,170.87,2026-01-30
2925,198,124.71,2025-10-01
2926,53,310.05,2026-04-09
2927,132,401.66,2025-11-30
2928,178,470.0,2026-03-21
2929,163,204.54,2026-04-16
2930,130,221.51,2026-03-25
2931,402,254.61,2026-07-01
2932,267,422.3,2025-09-19
2933,331,419.48,2025-10-26
2934,448,105.86,2026-04-29
2935,157,10.71,2025-09-15
2936,81,18.77,2026-07-11
2937,134,288.04,2026-05-04
2938,367,491.79,2026-07-05
2939,228,97.34,2025-12-20
2940,252,151.98,2026-08-04
2941,388,364.52,2025-09-19
2942,282,386.34,2026-02-01
2943,24,46.07,2025-11-06
2944,106,321.0,2026-05-05
2945,126,59.91,2026-04-13
2946,185,58.0,2026-05-13
2947,371,50.92,2026-04-07
2948,104,456.8,2026-06-17
2949,76,248.06,2025-11-05
2950,216,245.83,2026-02-15
2951,322,345.23,2026-04-01
2952,165,318.61,2026-08-08
2953,183,-94.0,2025-10-06
2954,33,331.53,2025-12-20
2955,356,63.02,2026-01-14
2956,6,244.54,2026-01-18
2957,125,83.4,2025-09-26
2958,24,100.46,2026-02-05
2959,222,261.41,2026-03-22
2960,223,434.1,2025-12-18
2961,86,19.6,2025-10-21
2962,275,365.23,2026-05-14
2963,95,140.46,2025-12-11
2964,302,177.53,2026-03-13
2965,447,236.19,2026-03-13
2966,198,258.76,2026-05-14
2967,288,128.8,2026-04-14
2968,320,481.13,2025-10-12
2969,500,87.0,2026-05-27
2970,279,219.57,2026-04-20
2971,393,408.87,2026-08-29
2972,383,217.51,2026-02-26
2973,461,449.46,2026-05-12
2974,260,87.79,2026-08-09
2975,361,295.5,2026-08-28
2976,331,202.16,2025-12-16
2977,252,217.55,2026-04-12
2978,381,40.96,2025-12-26
2979,10,76.79,2026-03-13
2980,337,-162.7,2026-09-01
2981,330,110.82,2026-01-09
2982,395,449.88,2025-10-19
2983,223,145.39,2026-03-26
2984,77,55.95,2026-03-11
2985,446,289.1,2026-04-21
2986,202,162.3,2026-03-01
2987,48,29.58,2025-11-06
2988,128,495.18,2026-04-13
2989,393,229.13,2026-05-19
2990,19,122.03,2026-08-26
2991,5,323.61,2025-09-02
2992,413,456.26,2025-09-10
2993,41,23.32,2026-04-18
2994,482,-172.01,2025-10-15
2995,309,52.08,2026-07-09
2996,410,140.96,2026-06-21
2997,506,44.48,2026-09-02
2998,466,308.1,2026-01-31
2999,125,249.2,2026-01-02
3000,106,422.32,2026-03-26
3001,11,19.5,2026-04-23
3002,447,73.67,2025-09-06
3003,378,117.04,2025-11-14
3004,6,408.99,2025-12-14
3005,266,467.38,2026-06-18
3006,50,442.24,2025-12-23
3007,338,473.84,2026-03-06
3008,389,345.52,2025-12-29
3009,142,138.61,2025-09-04
3010,327,293.81,2026-05-11
3011,424,431.64,2026-01-04
3012,247,320.27,2026-05-25
3013,288,291.05,2026-04-15
3014,232,164.35,2025-09-12
3015,85,50.44,2025-11-05
3016,249,179.74,2025-12-31
3017,211,331.44,2026-01-03
3018,507,349.01,2026-05-06
3019,222,-34.83,2026-08-03
3020,500,236.73,2026-06-20
3021,321,56.74,2026-04-26
3022,465,381.44,2026-02-25
3023,109,329.37,2026-04-19
3024,373,457.49,2026-07-25
3025,208,195.86,2026-03-17
3026,285,391.11,2026-01-02
3027,105,214.43,2026-06-15
3028,113,77.91,2026-01-31
3029,192,124.08,2026-05-31
3030,464,137.04,2026-07-04
3031,87,179.22,2025-12-20
3032,407,180.44,2026-05-25
3033,55,253.58,2025-12-26
3034,51,223.46,2026-03-17
3035,433,326.07,2025-11-17
3036,181,101.0,2026-05-10
3037,506,299.05,2026-06-21
3038,52,261.72,2026-07-24
3039,225,324.94,2026-01-09
3040,273,62.02,2026-08-22
3041,283,123.19,2025-12-13
3042,415,117.1,2025-09-13
3043,275,198.99,2026-08-28
3044,209,250.11,2026-04-19
3045,295,177.08,2026-07-07
3046,516,368.27,2026-03-29
3047,313,454.35,2026-01-22
3048,175,427.02,2026-04-07
3049,192,160.98,2026-07-15
3050,14,169.42,2026-06-04
3051,22,334.69,2026-05-18
3052,79,92.87,2025-12-26
3053,10,89.51,2025-09-13
3054,2,299.03,2026-01-31
3055,113,246.71,2026-03-02
3056,298,-27.36,2025-11-27
3057,172,418.5,2026-02-14
3058,103,378.72,2026-08-15
3059,464,155.78,2025-11-20
3060,264,247.88,2025-12-21
3061,470,333.39,2025-10-13
3062,342,11.71,2026-06-16
3063,496,446.23,2026-06-13
3064,22,60.82,2026-08-02
3065,226,78.21,2026-02-11
3066,510,331.39,2025-09-11
3067,442,20.3,2026-02-25
3068,199,182.91,2026-03-04
3069,111,460.72,2025-11-10
3070,461,482.9,2026-08-06
3071,180,493.73,2026-05-28
3072,340,136.33,2026-03-12
3073,283,198.56,2026-06-12
3074,352,158.12,2025-10-24
3075,466,417.91,2026-07-18
3076,356,285.5,2026-06-29
3077,511,147.76,2026-08-11
3078,154,463.98,2026-05-07
3079,167,263.98,2025-10-20
3080,302,155.3,2026-05-25
3081,290,12.72,2026-02-17
3082,501,413.61,2026-05-21
3083,1,156.38,2026-03-12
3084,291,29.7,2025-09-03
3085,159,393.71,2026-08-09
3086,147,477.07,2026-05-11
3087,83,497.98,2026-04-07
3088,364,148.95,2025-10-03
3089,396,128.12,2026-02-19
3090,101,214.17,2025-09-18
3091,319,447.05,2026-03-11
3092,331,90.78,2026-05-01
3093,205,403.17,2025-12-25
3094,205,128.76,2026-04-01
3095,473,154.03,2025-12-25
3096,448,275.19,2026-07-25
3097,321,52.54,2025-12-28
3098,367,254.39,2025-11-11
3099,431,236.85,2025-12-12
3100,28,480.92,2025-12-27
3101,144,478.96,2026-02-10
3102,249,309.53,2025-10-15
3103,301,292.26,2025-10-26
3104,129,31.5,2025-12-11
3105,472,-204.46,2025-09-07
3106,277,420.4,2026-04-17
3107,342,415.8,2026-03-09
3108,494,299.2,2025-11-16
3109,125,346.84,2026-01-08
3110,55,371.53,2025-12-27
3111,508,352.28,2025-10-23
3112,159,72.52,2026-05-17
3113,7,153.94,2025-12-14
3114,206,403.78,2025-11-30
3115,124,-61.78,2025-09-28
3116,107,262.31,2026-04-14
3117,455,239.5,2026-01-03
3118,308,198.4,2026-02-11
3119,241,205.26,2025-10-19
3120,450,421.65,2026-02-21
3121,443,430.36,2026-05-07
3122,146,77.39,2025-10-10
3123,175,410.18,2025-09-21
3124,206,258.2,2026-02-05
3125,103,240.7,2025-11-06
3126,282,479.75,2026-04-08
3127,110,198.64,2026-04-06
3128,152,234.66,2026-07-05
3129,399,18.85,2026-05-15
3130,456,10.45,2026-04-15
3131,143,26.1,2025-12-25
3132,284,236.61,2026-06-28
3133,513,9.51,2026-05-20
3134,358,428.64,2026-05-05
3135,65,451.76,2026-03-16
3136,348,91.38,2026-08-24
3137,144,232.44,2026-06-05
3138,311,142.78,2026-02-19
3139,496,462.12,2025-10-20
3140,185,191.38,2026-06-26
3141,266,290.14,2026-08-04
3142,357,69.06,2026-02-20
3143,70,294.32,2026-02-15
3144,163,27.24,2026-05-10
3145,512,119.69,2026-05-19
3146,238,467.45,2026-02-19
3147,243,490.76,2025-11-25
3148,394,57.19,2025-11-22
3149,66,379.13,2026-07-14
3150,39,35.65,2026-04-15
3151,384,424.17,2026-08-02
3152,179,305.23,2026-01-23
3153,387,163.97,2026-05-16
3154,205,70.94,2026-05-03
3155,293,101.88,2026-06-17
3156,445,116.62,2026-07-21
3157,197,407.85,2026-02-14
3158,99,47.58,2025-09-13
3159,6,105.75,2026-02-22
3160,74,182.98,2026-01-08
3161,509,173.65,2026-02-17
3162,486,99.12,2025-11-03
3163,142,252.92,2026-06-10
3164,386,401.79,2026-04-11
3165,131,437.62,2025-10-18
3166,121,392.28,2025-10-09
3167,339,251.86,2026-06-28
3168,297,16.16,2026-06-20
3169,367,461.53,2025-12-30
3170,295,38.64,2026-04-27
3171,513,42.01,2026-06-19
3172,114,159.56,2026-03-15
3173,270,293.47,2026-01-26
3174,432,328.35,2026-01-31
3175,61,134.14,2026-04-17
3176,338,73.95,2026-03-21
3177,64,462.47,2026-08-24
3178,37,121.63,2026-01-20
3179,427,176.19,2026-01-04
3180,83,301.08,2026-06-26
3181,133,444.32,2026-04-06
3182,37,138.9,2026-06-16
3183,359,250.82,2026-02-08
3184,234,218.6,2026-06-17
3185,201,15.61,2026-03-20
3186,19,269.42,2025-11-27
3187,387,278.49,2026-05-02
3188,438,349.24,2025-09-30
3189,121,277.02,2026-08-08
3190,377,449.09,2026-03-31
3191,60,179.14,2026-02-27
3192,11,122.89,2026-04-06
3193,47,117.43,2026-02-18
3194,256,-495.51,2026-03-24
3195,130,407.25,2026-06-29
3196,322,222.09,2025-11-05
3197,251,178.09,2026-08-17
3198,408,499.05,2025-09-27
3199,79,241.96,2025-10-11
3200,211,42.81,2026-06-26
3201,366,249.99,2026-06-11
3202,455,449.33,2026-01-18
3203,300,358.0,2026-03-01
3204,274,435.14,2026-05-01
3205,107,162.84,2025-10-05
3206,498,31.73,2026-06-28
3207,141,143.49,2026-07-23
3208,313,421.51,2026-07-29
3209,382,372.24,2026-04-22
3210,37,363.83,2025-09-02
3211,465,489.07,2025-10-25
3212,35,476.76,2025-10-26
3213,308,138.8,2026-03-15
3214,286,414.45,2026-01-22
3215,20,428.01,2026-04-01
3216,46,432.07,2025-11-12
3217,442,116.1,2026-05-09
3218,33,268.58,2025-12-26
3219,27,273.07,2026-03-29
3220,345,455.48,2026-08-02
3221,222,461.74,2025-12-22
3222,445,379.84,2026-08-13
3223,59,433.54,2026-02-08
3224,295,404.66,2026-08-27
3225,475,429.96,2026-01-06
3226,267,214.8,2025-10-04
3227,244,85.46,2025-09-04
3228,281,-70.28,2026-08-29
3229,303,47.34,2026-01-27
3230,281,172.08,2025-10-18
3231,13,184.04,2025-12-18
3232,329,66.53,2026-01-15
3233,455,418.82,2026-03-21
3234,478,234.05,2025-09-21
3235,224,23.32,2026-05-17
3236,82,207.26,2026-06-29
3237,322,141.84,2026-01-11
3238,265,476.88,2026-07-14
3239,507,384.16,2026-07-15
3240,151,67.98,2025-11-27
3241,239,436.26,2026-05-17
3242,519,61.65,2026-01-24
3243,43,430.98,2025-12-27
3244,266,278.94,2026-01-20
3245,362,-487.76,2026-01-19
3246,241,272.52,2026-03-20
3247,455,178.12,2026-05-02
3248,209,61.03,2026-02-22
3249,426,166.27,2025-11-09
3250,290,40.34,2026-01-20
3251,369,75.82,2026-08-06
3252,384,170.82,2026-07-06
3253,32,237.99,2025-10-28
3254,154,84.35,2026-09-02
3255,217,456.38,2026-05-05
3256,353,404.98,2025-10-21
3257,34,470.27,2025-09-28
3258,81,330.24,2025-09-07
3259,230,477.81,2026-05-24
3260,429,284.87,2026-02-27
3261,53,271.79,2026-02-08
3262,452,305.52,2026-08-30
3263,301,161.88,2025-10-02
3264,371,455.98,2026-04-25
3265,119,119.29,2026-02-01
3266,420,348.07,2026-02-15
3267,518,184.13,2026-06-17
3268,496,42.84,2026-04-11
3269,429,304.58,2026-02-04
3270,129,118.73,2025-11-06
3271,418,463.23,2026-03-07
3272,267,338.68,2026-03-23
3273,121,398.95,2026-02-13
3274,152,45.35,2026-01-10
3275,203,290.13,2025-11-08
3276,16,450.44,2026-04-11
3277,482,87.55,2026-04-01
3278,35,372.71,2026-07-08
3279,171,417.76,2025-11-27
3280,398,495.02,2026-03-04
3281,412,452.61,2026-01-30
3282,301,349.98,2026-03-20
3283,345,63.92,2026-01-14
3284,47,297.78,2026-08-26
3285,460,41.51,2026-03-28
3286,447,455.78,2026-05-17
3287,138,148.2,2025-10-13
3288,86,368.05,2026-02-25
3289,379,-80.37,2026-05-12
3290,329,338.58,2025-10-24
3291,287,222.1,2026-05-27
3292,305,472.66,2026-08-27
3293,437,249.18,2026-08-28
3294,183,146.2,2026-06-14
3295,216,476.99,2026-02-19
3296,322,218.12,2025-09-30
3297,122,54.24,2026-07-24
3298,230,147.48,2025-10-04
3299,266,443.25,2026-02-21
3300,238,494.46,2026-05-31
3301,212,334.88,2026-08-19
3302,173,278.32,2025-09-30
3303,200,18.54,2026-04-21
3304,27,8.3,2026-06-21
3305,437,187.92,2025-12-25
3306,465,367.38,2025-09-21
3307,123,151.0,2026-01-05
3308,270,224.98,2026-06-13
3309,286,48.0,2026-02-20
3310,363,367.16,2026-03-08
3311,228,402.8,2026-02-20
3312,520,365.04,2026-05-28
3313,76,170.99,2026-02-03
3314,40,354.87,2026-08-19
3315,326,219.52,2026-06-21
3316,37,99.25,2025-12-16
3317,252,474.85,2025-09-14
3318,226,72.75,2026-08-05
3319,156,338.31,2026-06-03
3320,509,244.83,2026-05-26
3321,91,144.89,2026-03-27
3322,220,475.66,2025-09-24
3323,214,6.58,2026-02-22
3324,270,356.45,2025-11-02
3325,241,308.62,2025-09-20
3326,185,320.67,2026-08-30
3327,300,439.56,2026-06-25
3328,402,335.65,2026-04-18
3329,303,300.93,2025-12-15
3330,295,52.78,2025-10-02
3331,254,212.7,2026-03-06
3332,476,332.9,2026-07-10
3333,356,478.38,2025-12-12
3334,496,350.0,2025-10-20
3335,422,420.86,2025-12-13
3336,275,345.17,2026-07-12
3337,419,256.21,2025-09-07
3338,268,35.1,2025-10-12
3339,453,339.12,2025-11-04
3340,56,215.47,2026-04-06
3341,348,137.82,2025-10-27
3342,459,319.95,2026-02-12
3343,171,207.86,2026-06-24
3344,113,270.33,2025-12-06
3345,338,474.2,2026-05-16
3346,22,68.96,2026-02-26
3347,342,402.19,2026-06-21
3348,65,456.55,2026-07-14
3349,371,329.19,2026-01-05
3350,406,270.06,2025-10-02
3351,166,430.56,2025-10-25
3352,221,455.77,2026-08-09
3353,14,278.71,2025-10-28
3354,105,22.86,2026-03-02
3355,44,253.24,2026-08-31
3356,236,82.69,2026-06-10
3357,35,317.62,2025-11-28
3358,387,139.87,2026-02-10
3359,277,329.36,2026-04-23
3360,517,431.68,2025-11-18
3361,426,362.45,2026-05-28
3362,156,14.98,2026-01-06
3363,401,52.3,2026-04-25
3364,320,101.17,2026-06-05
3365,24,393.46,2025-10-14
3366,103,154.57,2025-11-02
3367,483,135.81,2026-01-25
3368,228,191.41,2025-12-21
3369,495,483.61,2026-06-02
3370,519,145.79,2026-06-04
3371,509,-126.08,2026-03-15
3372,111,365.14,2026-01-19
3373,26,228.87,2026-05-18
3374,379,201.69,2026-02-22
3375,319,241.02,2025-10-25
3376,86,169.56,2026-07-17
3377,502,52.22,2025-09-06
3378,413,298.74,2026-08-07
3379,239,310.16,2026-02-13
3380,422,34.17,2026-05-08
3381,155,159.17,2026-08-20
3382,417,23.07,2026-05-09
3383,215,436.36,2025-09-17
3384,512,378.74,2026-08-03
3385,330,159.94,2026-04-23
3386,84,233.38,2026-08-17
3387,80,461.01,2026-02-07
3388,166,190.96,2026-08-04
3389,203,262.37,2026-07-13
3390,40,221.61,2026-01-02
3391,499,443.32,2025-12-08
3392,429,74.23,2025-10-07
3393,446,202.71,2026-04-29
3394,278,497.89,2026-01-23
3395,381,263.63,2026-06-11
3396,298,284.09,2026-06-03
3397,381,264.01,2026-05-28
3398,474,262.09,2026-04-05
3399,139,109.26,2025-11-12
3400,486,86.3,2026-01-03
3401,154,9.86,2026-05-12
3402,6,237.89,2025-11-06
3403,97,159.36,2026-03-21
3404,63,271.18,2026-05-06
3405,69,314.36,2026-07-03
3406,232,178.47,2025-09-06
3407,198,-175.75,2025-10-07
3408,437,140.92,2025-10-10
3409,413,294.31,2026-02-12
3410,208,467.48,2025-11-21
3411,222,43.35,2025-12-14
3412,105,143.59,2025-11-11
3413,393,67.72,2025-09-10
3414,284,168.43,2025-10-05
3415,485,483.5,2026-08-11
3416,238,-108.61,2026-04-30
3417,151,494.6,2026-07-04
3418,1,75.95,2026-08-15
3419,54,165.05,2026-04-23
3420,436,72.8,2026-05-19
3421,513,334.1,2025-10-15
3422,403,381.2,2026-07-12
3423,486,191.77,2025-10-19
3424,325,180.72,2026-04-30
3425,220,267.69,2026-07-28
3426,285,477.9,2026-03-28
3427,453,357.12,2026-08-21
3428,124,247.6,2026-07-26
3429,357,281.16,2026-05-14
3430,478,93.12,2025-12-03
3431,435,386.52,2026-02-19
3432,196,110.82,2026-08-10
3433,11,194.32,2026-04-23
3434,200,101.94,2026-08-05
3435,97,7.78,2025-12-12
3436,515,455.97,2026-02-05
3437,35,461.17,2026-07-29
3438,408,325.37,2026-06-10
3439,260,26.74,2025-12-29
3440,32,140.72,2025-10-31
3441,466,432.28,2025-09-29
3442,107,247.7,2026-06-13
3443,157,23.91,2026-01-20
3444,135,354.29,2026-01-01
3445,123,46.0,2025-09-23
3446,64,32.74,2026-08-17
3447,285,160.55,2025-12-07
3448,18,491.78,2026-02-10
3449,325,169.67,2026-02-28
3450,376,449.38,2026-08-07
3451,413,260.59,2026-04-13
3452,63,211.11,2025-11-06
3453,514,37.15,2026-03-01
3454,177,78.02,2025-10-24
3455,204,224.48,2026-06-10
3456,4,345.91,2025-11-20
3457,121,159.03,2026-04-25
3458,89,174.02,2026-08-02
3459,120,285.26,2026-05-21
3460,89,459.42,2025-10-09
3461,21,96.9,2025-09-28
3462,223,384.53,2026-03-30
3463,253,320.78,2025-12-02
3464,196,157.35,2026-02-12
3465,318,374.97,2026-07-27
3466,183,31.4,2025-10-26
3467,424,143.09,2026-04-24
3468,205,116.85,2026-08-09
3469,451,92.67,2026-05-03
3470,373,135.95,2025-12-08
3471,461,177.69,2026-05-16
3472,175,415.6,2026-07-30
3473,395,23.18,2026-03-31
3474,445,82.07,2026-03-09
3475,296,176.73,2026-08-12
3476,516,107.69,2026-02-28
3477,276,278.05,2026-02-08
3478,265,49.92,2026-07-07
3479,119,113.04,2026-06-14
3480,487,260.93,2026-06-16
3481,382,74.21,2026-03-18
3482,35,284.07,2025-09-03
3483,368,164.57,2026-08-17
3484,432,-435.32,2026-06-28
3485,103,240.37,2026-02-25
3486,167,97.62,2026-03-28
3487,23,236.09,2026-08-10
3488,446,222.31,2026-01-11
3489,250,366.82,2026-05-09
3490,346,130.02,2026-01-26
3491,42,243.87,2026-04-21
3492,520,485.53,2026-08-18
3493,276,58.39,2025-10-05
3494,30,477.22,2026-03-16
3495,308,86.19,2026-08-19
3496,204,443.86,2025-10-01
3497,143,475.99,2026-02-17
3498,56,69.3,2026-06-09
3499,145,485.31,2026-04-27
3500,170,401.74,2025-11-05
3501,206,232.99,2025-09-16
3502,83,442.06,2026-01-20
3503,448,96.37,2025-11-10
3504,384,49.63,2026-05-14
3505,103,7.45,2026-07-27
3506,218,238.05,2026-04-20
3507,475,456.85,2026-01-11
3508,99,354.58,2025-10-03
3509,137,196.85,2026-04-21
3510,290,202.94,2026-05-29
3511,435,410.8,2025-10-23
3512,356,300.48,2025-11-11
3513,28,246.71,2026-05-23
3514,241,114.74,2026-04-07
3515,2,187.72,2026-02-28
3516,80,307.23,2025-09-25
3517,193,324.56,2026-03-18
3518,96,26.9,2025-12-23
3519,436,173.1,2026-03-16
3520,493,79.62,2026-07-04
3521,432,22.24,2026-02-13
3522,109,93.86,2026-09-01
3523,104,235.14,2025-09-15
3524,13,329.65,2025-09-22
3525,520,84.64,2026-06-17
3526,498,195.08,2025-09-17
3527,433,328.64,2025-10-15
3528,265,386.82,2026-06-24
3529,462,372.32,2026-05-04
3530,344,253.52,2026-02-16
3531,115,422.86,2026-05-08
3532,393,393.82,2026-07-18
3533,8,435.81,2025-10-26
3534,265,171.87,2026-04-02
3535,466,102.82,2026-08-06
3536,41,220.27,2025-09-15
3537,376,65.17,2025-10-23
3538,379,29.79,2026-04-29
3539,304,129.9,2026-02-21
3540,274,384.58,2026-08-03
3541,18,93.47,2025-09-18
3542,37,226.15,2026-05-16
3543,38,299.91,2025-10-19
3544,180,267.98,2025-11-04
3545,149,46.6,2025-09-20
3546,282,318.3,2025-12-23
3547,250,175.97,2026-06-19
3548,470,459.79,2026-02-15
3549,40,25.12,2025-11-03
3550,104,77.64,2026-04-06
3551,81,194.05,2026-06-28
3552,310,172.2,2025-10-10
3553,264,214.15,2026-03-02
3554,82,362.19,2026-06-21
3555,120,419.24,2025-11-21
3556,311,397.85,2026-06-23
3557,250,309.71,2026-02-04
3558,485,348.66,2026-06-26
3559,282,111.53,2026-08-27
3560,284,374.7,2026-05-08
3561,409,253.27,2025-12-29
3562,280,455.32,2026-08-25
3563,425,7.5,2026-03-31
3564,474,330.32,2025-10-22
3565,326,301.54,2026-07-05
3566,333,53.09,2026-06-19
3567,472,114.42,2026-06-08
3568,337,296.02,2026-04-07
3569,13,273.02,2026-01-02
3570,456,174.76,2025-10-16
3571,511,80.13,2025-10-23
3572,400,109.27,2026-01-31
3573,81,131.57,2026-05-14
3574,354,317.54,2026-03-23
3575,379,46.13,2026-02-09
3576,463,155.5,2026-08-06
3577,171,338.88,2025-09-16
3578,426,314.01,2025-10-08
3579,291,497.93,2026-07-09
3580,241,280.44,2026-04-14
3581,388,190.77,2026-06-13
3582,100,305.53,2025-09-07
3583,114,200.9,2026-02-27
3584,163,287.52,2025-09-04
3585,411,384.6,2025-11-06
3586,223,277.28,2025-10-04
3587,328,212.0,2026-04-28
3588,326,386.4,2026-07-23
3589,231,253.64,2026-02-01
3590,476,430.23,2026-06-24
3591,161,146.71,2026-06-11
3592,296,462.34,2026-05-13
3593,476,6.65,2025-11-16
3594,101,329.81,2026-04-24
3595,429,194.76,2026-03-12
3596,230,208.1,2026-01-30
3597,83,73.59,2026-08-11
3598,24,301.79,2026-04-13
3599,484,165.89,2025-09-15
3600,24,343.76,2025-11-06
3601,399,372.77,2026-03-03
3602,166,278.27,2026-08-15
3603,246,231.6,2026-04-19
3604,205,91.73,2026-06-15
3605,32,164.75,2026-01-07
3606,251,107.47,2025-09-03
3607,248,343.42,2025-11-27
3608,513,399.39,2025-10-15
3609,340,322.48,2026-03-15
3610,251,436.68,2025-10-07
3611,8,233.8,2026-01-12
3612,417,375.56,2026-06-07
3613,395,434.2,2026-03-18
3614,267,39.83,2025-11-21
3615,25,442.26,2026-06-10
3616,62,222.07,2026-05-01
3617,41,150.02,2025-12-12
3618,451,184.87,2025-11-11
3619,150,217.15,2026-06-20
3620,115,424.3,2026-05-10
3621,348,362.39,2026-08-22
3622,495,75.27,2026-02-22
3623,76,108.99,2025-11-05
3624,251,231.83,2026-05-05
3625,456,379.71,2025-09-17
3626,265,168.68,2026-04-26
3627,144,286.27,2025-12-15
3628,227,78.27,2026-02-08
3629,299,440.68,2026-01-02
3630,313,156.8,2026-06-23
3631,302,240.27,2026-06-06
3632,132,81.45,2025-09-17
3633,394,77.53,2026-05-30
3634,217,132.37,2026-08-06
3635,13,293.7,2025-11-05
3636,416,133.41,2026-06-16
3637,353,241.1,2026-02-26
3638,514,323.71,2025-10-14
3639,497,160.58,2026-07-26
3640,494,325.95,2026-05-24
3641,15,91.82,2026-04-06
3642,231,336.03,2025-12-30
3643,285,158.11,2025-11-13
3644,123,306.28,2026-05-07
3645,471,326.75,2025-12-30
3646,13,286.86,2026-06-14
3647,234,420.79,2025-12-30
3648,34,371.98,2025-10-07
3649,338,202.25,2026-05-30
3650,82,256.17,2026-07-17
3651,254,485.37,2026-01-17
3652,188,126.12,2025-11-21
3653,251,346.4,2026-02-21
3654,182,118.03,2026-02-26
3655,285,24.92,2026-07-24
3656,66,50.22,2025-10-25
3657,311,453.54,2026-08-07
3658,489,35.13,2026-02-15
3659,53,234.81,2026-01-21
3660,202,162.83,2025-10-21
3661,488,241.76,2026-05-23
3662,221,102.71,2026-04-21
3663,10,301.16,2026-08-25
3664,115,292.95,2025-11-15
3665,200,361.39,2025-10-18
3666,468,296.52,2026-05-13
3667,417,496.16,2025-09-23
3668,181,302.67,2025-10-21
3669,291,167.68,2026-07-10
3670,255,475.96,2026-02-16
3671,516,173.87,2025-11-03
3672,187,157.86,2026-01-05
3673,482,246.35,2026-07-23
3674,443,250.42,2026-04-10
3675,454,338.12,2026-06-17
3676,188,174.5,2026-04-23
3677,238,100.83,2026-04-13
3678,328,110.54,2025-11-03
3679,308,384.38,2026-08-23
3680,159,464.14,2026-07-11
3681,406,165.26,2025-10-03
3682,161,393.98,2026-07-12
3683,486,166.21,2026-02-28
3684,276,328.48,2026-09-01
3685,311,118.22,2026-04-06
3686,363,188.54,2026-07-05
3687,316,415.47,2025-12-13
3688,428,215.52,2026-05-27
3689,57,7.81,2026-05-29
3690,144,484.5,2025-12-01
3691,20,487.62,2025-12-30
3692,263,410.17,2026-04-02
3693,330,150.92,2026-07-25
3694,205,216.61,2026-04-06
3695,451,399.75,2025-10-26
3696,249,428.92,2026-03-30
3697,482,84.41,2025-09-03
3698,400,476.26,2026-08-26
3699,499,345.46,2025-09-16
3700,385,128.67,2026-02-21
3701,351,34.36,2026-06-10
3702,292,141.64,2025-09-14
3703,76,59.96,2026-03-15
3704,424,165.65,2026-02-24
3705,307,413.03,2026-06-21
3706,449,289.17,2026-06-29
3707,267,126.39,2026-02-14
3708,23,280.55,2025-11-29
3709,322,74.53,2026-03-25
3710,457,478.81,2025-09-06
3711,329,374.9,2026-05-27
3712,342,236.82,2026-08-15
3713,266,103.5,2025-10-20
3714,24,131.4,2025-12-19
3715,438,74.43,2026-04-27
3716,50,201.17,2025-10-05
3717,383,416.68,2026-02-24
3718,33,13.02,2025-12-22
3719,335,480.1,2026-05-17
3720,342,396.12,2026-07-12
3721,95,319.02,2026-06-02
3722,163,487.24,2025-09-10
3723,90,400.3,2026-02-15
3724,196,289.09,2026-06-11
3725,442,377.19,2026-07-18
3726,156,409.79,2026-01-28
3727,348,326.97,2026-06-18
3728,443,229.75,2026-01-15
3729,301,445.25,2026-02-18
3730,20,8.15,2026-04-21
3731,155,9.23,2026-07-13
3732,335,133.13,2025-09-27
3733,206,268.52,2026-07-25
3734,364,386.11,2026-01-01
3735,157,447.16,2025-09-13
3736,316,98.48,2026-02-04
3737,41,94.89,2025-12-09
3738,71,390.83,2026-08-14
3739,236,167.09,2026-03-19
3740,168,330.79,2026-06-19
3741,223,215.02,2026-06-17
3742,451,387.31,2025-10-01
3743,27,65.94,2026-07-21
3744,214,224.76,2026-05-29
3745,409,193.31,2025-09-22
3746,128,103.33,2026-08-13
3747,125,50.96,2026-05-06
3748,501,85.63,2026-07-23
3749,325,371.62,2025-10-12
3750,93,210.49,2026-01-13
3751,262,400.9,2026-04-16
3752,17,256.82,2026-01-13
3753,410,8.59,2025-11-05
3754,370,480.98,2026-03-25
3755,445,473.14,2025-09-26
3756,235,473.24,2026-05-19
3757,400,499.85,2025-11-15
3758,282,-438.59,2026-08-27
3759,47,366.17,2025-11-28
3760,10,74.66,2025-10-13
3761,482,68.33,2026-02-24
3762,215,382.33,2026-08-11
3763,381,433.84,2026-04-02
3764,430,310.69,2026-08-19
3765,156,90.35,2025-11-17
3766,186,372.27,2026-06-01
3767,167,185.71,2025-11-23
3768,414,19.84,2026-01-09
3769,272,314.53,2025-12-08
3770,27,312.85,2026-05-08
3771,36,169.13,2025-12-12
3772,418,368.8,2025-09-25
3773,174,28.02,2026-01-06
3774,229,-83.3,2026-02-26
3775,116,50.6,2026-03-13
3776,426,484.52,2025-10-16
3777,138,428.79,2026-05-19
3778,1,429.17,2026-05-08
3779,264,159.16,2026-03-16
3780,375,68.46,2025-12-17
3781,99,478.67,2026-04-17
3782,201,241.51,2026-06-21
3783,147,67.29,2026-08-14
3784,98,116.65,2026-06-25
3785,108,360.05,2026-08-12
3786,309,128.64,2025-09-26
3787,274,167.67,2026-07-25
3788,433,381.15,2026-02-16
3789,36,190.51,2025-10-01
3790,50,375.23,2026-07-27
3791,15,398.13,2025-12-16
3792,244,75.76,2026-08-18
3793,493,85.13,2025-10-12
3794,416,244.5,2025-12-11
3795,270,228.79,2026-05-15
3796,287,275.21,2026-03-02
3797,346,329.45,2026-07-19
3798,262,171.94,2026-03-11
3799,468,173.79,2026-04-19
3800,351,333.31,2025-12-18
3801,375,382.82,2026-08-22
3802,130,216.12,2026-03-19
3803,114,51.82,2025-10-20
3804,130,64.54,2026-01-06
3805,447,437.29,2026-02-11
3806,517,278.88,2026-04-25
3807,200,95.39,2025-12-17
3808,18,75.15,2025-09-25
3809,156,103.35,2026-07-18
3810,49,283.63,2025-11-26
3811,236,401.13,2026-08-14
3812,171,348.38,2026-04-25
3813,170,190.36,2026-01-30
3814,232,319.28,2026-01-05
3815,156,422.4,2026-04-26
3816,435,272.71,2025-12-30
3817,411,429.86,2026-04-07
3818,432,151.77,2026-05-15
3819,140,447.4,2026-07-07
3820,77,362.17,2026-02-11
3821,320,129.41,2025-12-22
3822,69,108.33,2025-10-20
3823,148,34.32,2026-06-17
3824,249,243.06,2025-11-03
3825,430,198.66,2025-12-06
3826,359,198.54,2026-02-26
3827,283,39.91,2026-08-23
3828,156,74.52,2026-06-10
3829,283,106.89,2025-09-19
3830,121,-381.49,2026-01-09
3831,483,262.71,2026-02-15
3832,128,119.93,2025-11-01
3833,158,272.92,2026-08-06
3834,350,39.85,2026-05-20
3835,42,438.24,2025-12-15
3836,116,193.84,2026-08-24
3837,173,315.31,2026-07-06
3838,499,438.74,2026-05-13
3839,106,380.44,2026-05-03
3840,372,48.84,2025-10-28
3841,507,124.44,2025-11-28
3842,432,419.17,2025-09-17
3843,287,33.04,2025-12-26
3844,258,421.95,2025-10-18
3845,258,321.93,2025-12-06
3846,104,491.63,2025-11-08
3847,507,357.98,2026-03-26
3848,273,114.59,2025-09-14
3849,500,56.46,2025-12-27
3850,385,282.53,2026-01-05
3851,392,305.28,2026-01-16
3852,101,25.84,2026-03-18
3853,245,289.93,2025-10-31
3854,432,183.55,2025-12-21
3855,41,408.57,2026-08-04
3856,472,176.92,2026-01-28
3857,409,288.81,2026-03-03
3858,443,407.51,2025-10-25
3859,186,336.19,2026-02-16
3860,102,16.95,2025-12-28
3861,30,149.68,2025-09-03
3862,260,365.88,2026-05-30
3863,361,182.5,2026-08-25
3864,457,486.92,2026-01-01
3865,270,392.94,2026-05-18
3866,330,385.46,2026-02-22
3867,177,371.65,2025-12-17
3868,342,423.14,2026-08-13
3869,234,179.14,2026-08-26
3870,93,161.68,2026-03-30
3871,510,321.53,2025-10-25
3872,208,321.54,2026-03-27
3873,360,136.02,2026-07-30
3874,371,171.82,2026-02-10
3875,331,378.61,2026-05-12
3876,318,12.88,2026-05-27
3877,304,454.87,2026-07-28
3878,408,379.6,2025-10-23
3879,96,311.14,2026-03-22
3880,415,49.82,2025-12-23
3881,349,426.84,2026-01-26
3882,395,268.75,2026-07-06
3883,301,56.29,2026-02-12
3884,332,308.64,2025-10-05
3885,42,499.72,2025-09-22
3886,281,126.72,2026-04-24
3887,225,18.05,2026-04-03
3888,222,126.45,2025-11-22
3889,22,76.96,2026-08-10
3890,450,429.48,2025-12-12
3891,197,210.19,2025-09-10
3892,410,209.1,2026-03-18
3893,397,315.49,2026-02-12
3894,373,374.66,2026-05-05
3895,380,402.7,2025-10-03
3896,241,185.43,2026-03-08
3897,138,163.48,2025-11-12
3898,253,164.22,2025-12-27
3899,99,398.8,2026-04-11
3900,520,490.6,2026-08-13
3901,108,355.64,2026-07-31
3902,357,404.59,2026-01-12
3903,230,360.19,2025-10-26
3904,55,235.32,2026-07-11
3905,447,232.82,2026-01-15
3906,23,37.01,2026-01-16
3907,59,282.18,2025-12-15
3908,152,448.44,2026-01-08
3909,283,36.57,2026-08-25
3910,29,287.03,2026-07-18
3911,137,358.24,2025-10-04
3912,463,493.17,2026-05-26
3913,312,158.36,2026-02-11
3914,417,168.61,2026-08-31
3915,323,76.4,2026-06-23
3916,55,432.05,2025-12-16
3917,123,357.5,2026-06-23
3918,66,388.44,2026-08-23
3919,200,267.24,2026-02-04
3920,184,128.16,2026-07-27
3921,507,418.69,2025-10-23
3922,97,365.69,2026-04-04
3923,397,473.34,2025-10-03
3924,486,403.43,2025-11-17
3925,99,73.56,2026-02-22
3926,441,159.04,2026-07-16
3927,189,440.14,2026-08-29
3928,360,133.95,2025-09-26
3929,348,492.89,2026-08-19
3930,264,228.61,2026-06-05
3931,61,15.1,2025-10-04
3932,2,342.94,2026-01-29
3933,5,481.98,2026-08-02
3934,384,166.8,2026-01-31
3935,194,430.38,2026-03-24
3936,224,320.06,2026-05-19
3937,159,488.01,2026-06-05
3938,452,301.86,2025-10-22
3939,182,354.65,2025-11-09
3940,456,256.13,2026-01-19
3941,124,20.02,2026-03-23
3942,299,404.57,2025-09-17
3943,172,58.35,2026-07-01
3944,159,450.61,2026-07-04
3945,466,498.68,2025-12-22
3946,399,464.66,2026-03-25
3947,68,393.11,2026-02-18
3948,246,172.48,2025-09-11
3949,414,480.39,2025-09-02
3950,492,25.59,2025-12-07
3951,102,406.4,2026-08-17
3952,329,424.65,2026-07-04
3953,404,456.37,2026-02-21
3954,290,379.68,2026-04-29
3955,203,163.56,2026-07-25
3956,414,150.01,2026-02-01
3957,25,220.39,2026-03-01
3958,496,248.16,2026-05-11
3959,295,306.78,2025-11-30
3960,43,386.57,2025-10-15
3961,178,98.1,2025-12-12
3962,29,322.26,2026-08-31
3963,193,28.37,2025-09-26
3964,445,179.12,2026-06-01
3965,183,370.58,2026-04-02
3966,46,256.83,2026-03-28
3967,191,455.78,2026-07-16
3968,75,446.72,2026-04-19
3969,16,358.45,2026-02-23
3970,120,27.39,2026-05-14
3971,247,-462.53,2025-10-15
3972,339,331.5,2026-03-08
3973,234,492.28,2026-03-31
3974,46,189.03,2026-07-08
3975,265,82.18,2025-10-31
3976,318,441.56,2025-09-23
3977,280,106.41,2025-12-28
3978,424,-207.56,2026-07-20
3979,195,191.68,2025-10-21
3980,11,409.28,2025-10-31
3981,460,315.14,2025-12-10
3982,73,68.8,2026-02-02
3983,501,320.61,2026-08-01
3984,172,37.92,2026-01-10
3985,408,472.03,2025-12-17
3986,268,145.98,2026-03-14
3987,207,58.7,2026-08-10
3988,510,475.35,2026-03-09
3989,37,104.39,2026-06-09
3990,235,237.13,2025-11-08
3991,86,23.83,2025-10-06
3992,248,382.46,2026-06-04
3993,147,220.79,2026-03-19
3994,516,223.8,2026-07-18
3995,216,384.56,2026-07-01
3996,15,363.83,2026-05-10
3997,257,474.55,2025-12-21
3998,206,461.31,2026-05-10
3999,390,451.27,2026-05-11
4000,66,80.78,2025-10-07
4001,344,116.49,2026-04-02
4002,452,330.72,2026-06-30
4003,295,39.34,2025-09-06
4004,326,280.64,2026-03-10
4005,420,33.07,2026-01-16
4006,174,-261.43,2026-02-26
4007,40,363.42,2026-01-04
4008,240,76.03,2026-08-01
4009,60,-7.92,2025-10-09
4010,123,407.78,2025-10-28
4011,37,429.22,2025-11-21
4012,488,284.0,2025-11-09
4013,290,468.92,2026-07-27
4014,244,344.38,2026-04-14
4015,354,343.03,2026-07-03
4016,491,490.16,2026-03-13
4017,369,460.12,2026-03-15
4018,179,115.8,2026-03-22
4019,264,481.7,2026-06-05
4020,22,441.56,2025-10-13
4021,44,218.71,2026-02-17
4022,233,232.67,2025-09-29
4023,362,493.81,2026-06-28
4024,428,108.01,2026-08-05
4025,398,232.99,2026-02-24
4026,409,234.44,2025-12-25
4027,252,70.89,2026-01-12
4028,200,112.39,2026-06-28
4029,373,474.26,2026-07-24
4030,419,450.68,2026-04-08
4031,403,190.53,2026-06-08
4032,464,74.96,2026-01-05
4033,423,153.66,2026-05-19
4034,161,30.19,2025-09-12
4035,443,331.53,2026-06-27
4036,212,94.26,2025-11-22
4037,280,196.06,2026-07-12
4038,160,491.9,2025-10-24
4039,203,322.41,2025-11-23
4040,252,79.59,2025-10-17
4041,499,434.67,2025-10-19
4042,37,161.53,2025-09-30
4043,88,339.71,2026-05-12
4044,55,15.63,2026-06-15
4045,366,169.1,2025-09-30
4046,219,105.49,2026-06-12
4047,324,157.24,2026-06-06
4048,487,293.81,2025-09-17
4049,311,172.62,2025-10-11
4050,156,55.24,2026-06-19
4051,420,85.81,2026-03-08
4052,481,83.35,2025-09-23
4053,256,351.43,2025-10-15
4054,151,488.18,2025-12-03
4055,41,455.05,2025-09-26
4056,389,72.12,2026-05-04
4057,372,241.06,2026-06-05
4058,187,465.82,2026-06-15
4059,504,-226.43,2026-08-04
4060,348,473.57,2025-11-16
4061,71,493.97,2026-07-28
4062,404,92.73,2025-11-08
4063,202,458.8,2026-01-08
4064,86,480.98,2025-10-05
4065,507,180.58,2026-07-08
4066,428,12.9,2026-08-12
4067,259,495.89,2026-08-15
4068,25,100.05,2026-01-07
4069,54,247.36,2025-10-30
4070,270,326.46,2026-03-04
4071,42,227.22,2026-05-26
4072,470,140.05,2025-11-29
4073,33,331.41,2026-03-29
4074,11,69.67,2025-10-08
4075,390,-368.65,2026-04-01
4076,398,103.82,2025-09-07
4077,385,22.81,2025-11-20
4078,435,171.14,2025-11-11
4079,355,206.56,2025-12-14
4080,501,360.96,2026-07-29
4081,461,144.41,2026-03-17
4082,327,459.79,2026-08-24
4083,24,431.43,2025-10-08
4084,110,406.32,2025-11-19
4085,67,125.27,2026-03-05
4086,90,81.23,2026-05-19
4087,14,-432.53,2026-01-14
4088,73,369.57,2026-04-05
4089,472,82.34,2026-02-09
4090,109,317.35,2026-08-18
4091,143,308.22,2025-11-07
4092,84,103.76,2026-01-09
4093,94,96.86,2026-01-18
4094,239,6.9,2025-11-19
4095,397,109.06,2025-11-24
4096,488,163.6,2025-10-13
4097,508,409.69,2026-08-28
4098,295,304.7,2025-10-17
4099,63,367.12,2025-10-12
4100,82,224.05,2025-10-21
4101,148,92.05,2026-06-07
4102,194,439.7,2026-05-17
4103,78,351.48,2026-03-24
4104,234,98.16,2025-09-16
4105,304,85.4,2025-12-31
4106,293,302.77,2025-10-14
4107,354,113.04,2025-12-14
4108,258,369.04,2026-04-09
4109,64,144.32,2025-12-25
4110,62,36.08,2026-08-25
4111,82,311.82,2026-02-11
4112,457,338.65,2026-03-23
4113,91,10.94,2025-12-17
4114,371,162.61,2026-07-12
4115,68,350.55,2025-11-10
4116,327,286.75,2025-09-27
4117,492,228.14,2026-07-06
4118,501,188.37,2026-02-23
4119,195,160.17,2026-05-08
4120,362,117.92,2025-11-06
4121,333,207.82,2026-09-02
4122,413,462.11,2026-02-28
4123,464,234.49,2025-10-10
4124,395,80.58,2026-02-09
4125,143,212.7,2026-05-01
4126,153,395.19,2025-10-03
4127,177,-202.71,2025-10-24
4128,223,79.76,2026-01-26
4129,154,51.95,2026-04-06
4130,510,139.09,2025-10-09
4131,285,199.15,2026-08-06
4132,512,117.73,2026-08-25
4133,164,219.26,2025-09-25
4134,362,246.23,2026-08-24
4135,332,480.91,2026-01-03
4136,145,354.48,2026-04-07
4137,222,121.4,2026-08-30
4138,316,-211.09,2025-10-16
4139,319,317.6,2026-07-05
4140,125,343.61,2026-05-25
4141,350,301.56,2025-12-12
4142,132,363.75,2026-05-21
4143,65,187.94,2026-04-02
4144,253,13.77,2025-12-10
4145,240,108.68,2026-06-17
4146,488,455.52,2026-04-25
4147,340,394.47,2026-01-26
4148,330,350.67,2026-02-23
4149,235,391.89,2026-04-10
4150,256,355.51,2026-01-28
4151,20,246.85,2026-02-26
4152,394,160.16,2025-12-13
4153,84,376.35,2026-06-10
4154,273,266.97,2025-10-11
4155,198,38.13,2025-12-02
4156,147,396.68,2026-03-03
4157,486,185.07,2026-04-19
4158,336,127.06,2025-10-21
4159,150,181.3,2025-10-08
4160,497,392.92,2025-09-21
4161,205,492.72,2025-09-26
4162,124,412.95,2026-05-08
4163,200,151.33,2026-08-23
4164,255,264.13,2026-01-20
4165,12,396.4,2026-05-08
4166,304,152.6,2025-10-27
4167,432,17.52,2026-04-17
4168,152,43.96,2025-10-07
4169,161,226.11,2025-09-30
4170,111,298.95,2026-06-04
4171,203,468.77,2026-06-09
4172,167,354.62,2026-06-19
4173,18,295.31,2025-11-14
4174,489,66.34,2026-05-02
4175,385,187.57,2026-02-28
4176,332,277.31,2025-12-06
4177,36,200.79,2026-01-05
4178,41,323.59,2026-07-13
4179,136,442.21,2026-03-21
4180,144,250.85,2026-08-16
4181,241,80.03,2025-09-13
4182,366,50.47,2026-02-06
4183,72,172.39,2026-08-02
4184,427,248.77,2026-01-20
4185,159,322.7,2025-12-26
4186,213,276.31,2026-01-17
4187,268,227.01,2026-02-17
4188,25,117.56,2025-09-14
4189,231,30.98,2026-03-24
4190,239,241.95,2026-07-13
4191,141,475.23,2025-12-21
4192,406,252.79,2026-05-18
4193,505,14.53,2026-02-28
4194,425,16.64,2025-10-21
4195,37,277.27,2026-05-21
4196,8,108.37,2026-02-27
4197,377,177.94,2025-10-12
4198,407,257.03,2026-05-07
4199,289,110.33,2026-05-01
4200,398,136.5,2026-05-10
4201,263,84.13,2026-03-30
4202,267,170.57,2026-02-23
4203,463,199.35,2026-07-11
4204,416,19.26,2026-03-06
4205,397,106.27,2026-01-23
4206,211,403.29,2026-03-02
4207,306,104.07,2026-08-23
4208,311,417.3,2026-04-15
4209,236,183.66,2026-01-09
4210,259,285.59,2026-08-25
4211,13,112.32,2025-12-28
4212,342,112.13,2025-09-12
4213,398,107.14,2025-09-18
4214,401,361.38,2026-07-05
4215,504,302.9,2026-01-07
4216,255,242.69,2026-05-31
4217,1,43.45,2025-09-11
4218,12,427.08,2026-07-25
4219,311,473.66,2026-01-04
4220,164,225.31,2025-10-07
4221,196,53.13,2026-01-06
4222,382,485.62,2026-01-10
4223,23,42.67,2026-01-08
4224,123,152.25,2026-05-02
4225,210,154.51,2025-12-01
4226,32,64.56,2026-04-27
4227,179,440.74,2026-04-06
4228,241,12.1,2026-08-01
4229,280,230.35,2025-09-25
4230,492,138.68,2025-12-22
4231,221,36.33,2026-01-03
4232,31,37.25,2025-09-09
4233,477,23.39,2025-12-30
4234,46,209.15,2026-02-17
4235,288,330.02,2026-07-14
4236,208,356.4,2026-03-28
4237,279,401.96,2026-07-28
4238,459,481.78,2025-12-08
4239,46,406.13,2026-05-14
4240,446,437.39,2026-04-05
4241,238,281.68,2026-08-28
4242,294,359.21,2026-01-18
4243,468,185.2,2026-01-22
4244,383,411.25,2026-03-30
4245,150,331.01,2026-06-24
4246,417,163.75,2025-10-08
4247,479,91.11,2026-05-07
4248,152,491.84,2026-01-02
4249,507,408.04,2026-03-05
4250,443,339.48,2026-06-08
4251,141,47.79,2026-01-04
4252,478,169.74,2026-04-15
4253,169,228.13,2026-01-12
4254,149,445.42,2026-02-08
4255,164,301.4,2026-03-02
4256,211,426.29,2026-07-09
4257,430,413.22,2026-06-17
4258,43,440.96,2026-07-06
4259,261,262.19,2026-03-17
4260,169,467.58,2025-12-16
4261,343,371.16,2025-09-19
4262,383,247.14,2026-09-01
4263,403,276.48,2026-01-27
4264,418,113.44,2025-11-23
4265,232,345.46,2026-05-31
4266,193,322.03,2025-10-05
4267,517,359.52,2026-07-07
4268,74,400.97,2025-10-06
4269,416,348.99,2026-01-03
4270,99,154.91,2025-09-26
4271,17,476.02,2026-06-22
4272,191,20.39,2026-02-22
4273,69,414.69,2025-11-17
4274,433,130.45,2026-06-20
4275,11,472.71,2026-04-28
4276,398,350.42,2025-12-21
4277,490,190.58,2026-06-23
4278,504,319.43,2026-02-07
4279,360,488.62,2026-03-18
4280,393,20.36,2025-11-14
4281,433,377.69,2026-01-27
4282,360,345.85,2026-04-18
4283,28,474.82,2026-02-14
4284,89,193.08,2026-06-08
4285,85,240.06,2025-11-07
4286,97,126.47,2025-09-08
4287,248,230.07,2026-05-17
4288,331,303.79,2026-07-14
4289,463,158.36,2026-04-01
4290,11,112.19,2025-11-18
4291,29,343.49,2026-08-20
4292,515,468.09,2026-05-31
4293,398,94.71,2026-02-20
4294,50,401.65,2026-08-11
4295,503,130.34,2026-03-15
4296,167,91.09,2026-04-14
4297,437,24.71,2026-06-10
4298,79,59.29,2026-02-07
4299,6,103.57,2026-03-28
4300,181,196.72,2026-04-19
4301,188,387.37,2026-03-12
4302,506,115.59,2026-01-13
4303,119,118.22,2025-10-26
4304,25,55.26,2025-10-27
4305,441,221.86,2026-05-10
4306,378,15.17,2025-12-20
4307,486,319.24,2026-02-08
4308,433,21.6,2025-12-27
4309,367,38.13,2026-07-02
4310,250,239.94,2025-09-25
4311,124,453.78,2025-11-15
4312,192,16.93,2026-01-30
4313,383,334.0,2026-06-30
4314,190,280.9,2026-04-26
4315,41,293.15,2025-12-04
4316,137,119.96,2026-04-10
4317,381,374.59,2026-01-28
4318,116,34.7,2025-10-13
4319,10,264.66,2025-11-11
4320,328,155.16,2025-11-30
4321,219,460.76,2026-07-01
4322,491,98.39,2026-02-18
4323,73,110.99,2026-03-25
4324,149,77.33,2026-02-08
4325,75,431.29,2026-04-26
4326,424,285.25,2025-09-15
4327,231,420.69,2025-10-30
4328,443,414.85,2025-10-21
4329,405,26.24,2025-12-05
4330,383,18.69,2026-06-23
4331,231,198.43,2026-05-01
4332,417,375.56,2025-11-05
4333,162,324.79,2026-07-11
4334,510,124.46,2026-08-20
4335,32,387.68,2026-02-26
4336,150,211.57,2025-09-09
4337,285,387.59,2026-07-13
4338,350,199.67,2025-10-02
4339,335,155.23,2026-04-10
4340,482,460.07,2026-07-16
4341,141,258.16,2026-07-28
4342,502,237.32,2026-01-28
4343,65,487.74,2026-01-13
4344,278,129.54,2026-04-30
4345,234,438.0,2025-10-05
4346,246,159.96,2026-08-13
4347,314,285.18,2026-05-25
4348,422,99.96,2025-10-23
4349,193,142.87,2025-10-12
4350,143,385.32,2026-05-28
4351,195,402.11,2026-08-09
4352,329,345.12,2026-03-12
4353,178,106.21,2026-07-02
4354,299,63.02,2026-08-15
4355,346,321.1,2026-08-08
4356,509,95.62,2025-12-03
4357,278,190.62,2026-07-22
4358,350,466.58,2025-11-28
4359,259,77.44,2025-10-16
4360,403,66.59,2026-06-24
4361,261,6.62,2025-12-31
4362,284,464.26,2026-04-03
4363,273,258.0,2026-01-22
4364,502,30.24,2026-06-02
4365,397,299.66,2025-11-27
4366,126,160.01,2026-02-03
4367,56,183.86,2025-10-24
4368,111,25.31,2025-11-05
4369,99,276.5,2026-08-22
4370,210,463.25,2026-02-09
4371,62,24.77,2025-12-04
4372,284,9.88,2026-04-05
4373,226,145.67,2026-02-28
4374,274,311.06,2026-01-17
4375,243,464.29,2026-08-15
4376,325,80.09,2025-12-26
4377,393,382.36,2026-02-04
4378,165,105.55,2026-05-09
4379,277,50.13,2026-08-20
4380,253,405.73,2026-07-20
4381,471,423.46,2026-08-10
4382,226,306.76,2026-01-12
4383,316,-143.34,2026-05-21
4384,396,220.42,2026-06-29
4385,84,225.85,2025-09-09
4386,154,207.22,2026-08-21
4387,390,370.89,2026-04-11
4388,211,16.4,2026-07-06
4389,351,441.49,2026-05-02
4390,398,164.43,2026-08-12
4391,382,419.92,2026-05-12
4392,387,76.54,2026-06-17
4393,224,88.35,2025-11-28
4394,255,160.53,2026-03-23
4395,389,358.89,2025-12-24
4396,25,302.22,2026-08-18
4397,67,344.81,2026-01-12
4398,399,228.86,2026-06-26
4399,21,287.97,2025-10-16
4400,435,248.02,2026-07-16
4401,235,49.28,2026-07-12
4402,267,138.22,2026-01-22
4403,201,241.87,2026-07-31
4404,374,423.72,2026-01-23
4405,163,28.75,2026-08-25
4406,52,50.73,2025-12-04
4407,262,128.94,2025-10-05
4408,447,229.28,2026-06-30
4409,235,142.86,2025-11-27
4410,69,207.68,2025-11-18
4411,54,119.75,2026-07-24
4412,181,288.44,2026-08-03
4413,434,147.68,2026-04-21
4414,201,447.99,2026-07-20
4415,104,303.3,2026-06-09
4416,128,138.18,2026-01-28
4417,378,390.63,2025-09-14
4418,192,362.99,2026-07-16
4419,176,-126.6,2026-06-30
4420,22,384.34,2026-08-12
4421,404,252.95,2026-02-21
4422,160,71.8,2026-01-31
4423,377,424.04,2026-07-06
4424,252,289.06,2026-05-22
4425,255,230.2,2026-07-19
4426,44,85.23,2026-06-29
4427,1,38.2,2026-06-30
4428,502,147.17,2026-05-15
4429,414,340.38,2026-03-06
4430,363,444.95,2026-01-08
4431,415,394.26,2026-04-10
4432,418,377.06,2026-06-26
4433,130,87.61,2026-05-30
4434,377,403.4,2026-02-14
4435,423,421.76,2025-09-12
4436,25,194.37,2025-09-21
4437,17,160.7,2026-04-24
4438,151,111.71,2026-04-20
4439,144,227.72,2026-06-18
4440,251,326.29,2025-10-21
4441,450,75.45,2026-01-26
4442,477,130.2,2026-04-19
4443,134,188.93,2025-12-25
4444,150,210.82,2025-10-02
4445,303,449.03,2025-10-29
4446,396,190.15,2026-03-09
4447,80,444.09,2026-08-22
4448,489,301.13,2026-07-03
4449,491,25.06,2026-06-08
4450,318,38.54,2026-07-08
4451,104,461.38,2026-05-10
4452,277,77.24,2026-06-19
4453,381,34.64,2025-12-27
4454,472,16.95,2026-02-24
4455,377,176.73,2026-05-29
4456,127,30.2,2025-12-06
4457,444,442.35,2026-05-11
4458,519,383.0,2026-07-01
4459,387,38.31,2026-06-21
4460,274,168.43,2025-11-13
4461,202,76.26,2026-01-31
4462,404,51.13,2025-11-07
4463,13,114.02,2026-07-19
4464,199,477.01,2026-08-13
4465,156,211.71,2026-07-22
4466,216,216.32,2025-11-23
4467,39,5.28,2026-08-15
4468,68,136.43,2026-08-05
4469,170,113.45,2026-04-26
4470,82,462.79,2026-04-19
4471,351,336.36,2026-07-30
4472,481,310.32,2026-08-24
4473,339,478.06,2025-11-13
4474,160,317.6,2026-05-16
4475,286,335.54,2025-11-02
4476,252,404.06,2026-01-26
4477,495,116.97,2026-02-05
4478,308,139.73,2025-12-06
4479,415,251.94,2025-10-04
4480,264,30.39,2026-01-14
4481,229,57.72,2026-08-14
4482,255,423.02,2025-10-14
4483,101,234.85,2026-05-23
4484,423,350.2,2026-02-08
4485,340,372.55,2026-08-04
4486,493,153.05,2026-02-15
4487,322,474.5,2026-05-06
4488,416,463.43,2025-10-15
4489,485,408.46,2026-05-21
4490,380,489.29,2025-11-10
4491,504,63.52,2026-07-14
4492,220,464.28,2026-06-15
4493,294,205.63,2025-12-16
4494,345,125.4,2026-03-01
4495,386,83.8,2025-10-19
4496,85,427.33,2026-07-12
4497,439,-399.12,2026-04-09
4498,156,248.86,2026-09-01
4499,182,-495.96,2025-12-14
4500,376,21.18,2026-05-07
4501,366,340.98,2026-02-02
4502,170,334.7,2026-01-29
4503,40,446.98,2025-10-25
4504,41,498.18,2025-12-17
4505,197,309.11,2025-12-06
4506,503,395.82,2026-04-16
4507,74,58.23,2026-07-31
4508,67,416.74,2026-01-15
4509,162,233.86,2026-05-10
4510,99,323.51,2026-02-16
4511,291,250.73,2025-09-05
4512,167,20.86,2025-10-20
4513,368,348.98,2025-12-29
4514,411,476.09,2026-05-13
4515,317,211.89,2026-05-11
4516,473,334.8,2026-05-21
4517,82,78.62,2026-05-19
4518,152,34.08,2026-05-29
4519,153,58.3,2025-12-04
4520,341,362.77,2025-10-06
4521,494,345.42,2025-09-23
4522,310,220.49,2026-01-01
4523,485,469.03,2025-11-26
4524,401,329.81,2026-07-31
4525,33,99.79,2026-09-01
4526,399,421.36,2026-08-11
4527,408,97.35,2026-08-21
4528,461,392.94,2026-04-08
4529,433,70.79,2026-06-02
4530,189,330.91,2025-09-18
4531,257,8.68,2025-12-03
4532,343,210.82,2026-04-16
4533,246,78.34,2025-12-21
4534,285,258.83,2026-01-24
4535,428,454.12,2026-01-15
4536,370,-24.03,2026-08-22
4537,382,357.13,2026-03-25
4538,514,171.9,2026-04-02
4539,518,104.85,2025-12-06
4540,202,140.36,2026-03-05
4541,41,220.29,2026-08-08
4542,298,230.2,2026-07-20
4543,46,271.7,2025-10-20
4544,65,-145.82,2025-12-27
4545,475,239.89,2026-03-15
4546,237,457.48,2025-10-23
4547,229,461.93,2025-10-14
4548,40,227.39,2025-09-18
4549,261,409.28,2025-10-18
4550,235,-200.43,2026-07-18
4551,461,25.07,2026-07-04
4552,49,-123.3,2026-06-02
4553,281,479.53,2026-08-07
4554,427,269.95,2025-12-14
4555,314,13.09,2026-07-19
4556,509,385.61,2026-04-14
4557,295,494.49,2026-06-07
4558,399,390.94,2025-12-07
4559,206,282.57,2025-12-25
4560,337,12.03,2026-07-25
4561,22,325.19,2025-12-26
4562,265,54.23,2026-09-01
4563,264,88.67,2026-06-08
4564,209,210.71,2025-10-27
4565,296,365.94,2026-07-11
4566,71,158.2,2026-04-30
4567,125,42.73,2026-06-21
4568,246,-427.25,2025-09-21
4569,277,37.66,2025-10-26
4570,463,482.75,2025-11-25
4571,477,172.08,2025-09-15
4572,285,257.84,2025-12-06
4573,95,393.82,2026-05-18
4574,194,179.85,2026-02-08
4575,19,274.93,2026-09-01
4576,89,455.91,2026-08-07
4577,351,496.1,2025-09-16
4578,199,84.37,2026-01-10
4579,360,241.95,2026-05-19
4580,443,19.75,2026-02-26
4581,413,56.27,2026-03-01
4582,496,110.12,2026-07-08
4583,69,387.86,2026-07-16
4584,507,488.19,2025-10-17
4585,330,280.94,2025-10-06
4586,43,323.05,2026-07-16
4587,364,23.01,2025-11-07
4588,382,13.48,2025-11-02
4589,8,326.11,2026-03-07
4590,88,484.94,2025-12-10
4591,120,71.37,2026-07-25
4592,349,298.48,2026-04-04
4593,325,64.28,2026-04-03
4594,436,126.79,2026-08-23
4595,57,150.26,2026-03-13
4596,141,469.83,2026-03-29
4597,157,349.47,2026-02-01
4598,77,143.93,2025-09-30
4599,511,487.69,2026-06-10
4600,24,157.65,2026-05-07
4601,190,17.94,2026-07-23
4602,103,357.34,2025-09-11
4603,271,184.45,2026-05-09
4604,127,385.16,2026-05-09
4605,81,95.4,2026-01-24
4606,82,119.6,2026-04-06
4607,305,406.73,2026-08-16
4608,103,453.63,2026-07-05
4609,42,448.19,2025-10-28
4610,96,159.39,2025-10-01
4611,54,330.66,2026-07-03
4612,5,72.76,2026-05-01
4613,481,57.88,2026-02-15
4614,110,405.7,2026-08-17
4615,254,135.82,2026-04-07
4616,107,45.59,2025-09-04
4617,224,-317.27,2026-08-22
4618,245,365.73,2026-04-30
4619,280,-494.88,2026-08-16
4620,193,290.46,2025-12-29
4621,441,248.86,2026-05-27
4622,198,109.45,2026-05-28
4623,140,413.39,2026-08-18
4624,295,205.24,2026-03-29
4625,128,138.33,2025-11-18
4626,510,354.92,2025-09-19
4627,196,5.72,2026-04-25
4628,189,374.66,2025-12-29
4629,255,408.15,2025-09-22
4630,256,70.56,2025-09-27
4631,405,373.72,2026-08-16
4632,116,70.82,2026-01-19
4633,114,289.41,2026-01-25
4634,110,-415.84,2025-11-06
4635,151,173.97,2026-08-21
4636,378,363.54,2026-07-15
4637,282,165.93,2025-10-04
4638,150,224.49,2026-07-10
4639,249,107.36,2025-10-31
4640,448,247.51,2026-06-14
4641,475,-29.22,2025-12-15
4642,62,83.51,2026-06-04
4643,209,375.42,2026-04-29
4644,145,209.64,2025-10-16
4645,15,145.31,2026-02-28
4646,67,239.25,2026-02-07
4647,230,295.31,2026-06-24
4648,283,227.42,2025-12-24
4649,277,420.54,2026-05-10
4650,137,84.43,2025-10-20
4651,498,13.49,2026-05-03
4652,149,195.37,2026-07-03
4653,261,59.36,2026-03-08
4654,318,346.5,2026-02-28
4655,110,374.47,2026-07-23
4656,251,124.41,2026-02-23
4657,188,380.08,2026-03-27
4658,4,315.62,2026-02-03
4659,430,-78.8,2026-06-05
4660,199,-286.14,2026-06-25
4661,436,97.75,2026-04-14
4662,205,129.33,2026-02-07
4663,366,316.28,2026-02-04
4664,201,52.56,2025-09-16
4665,345,445.68,2026-01-05
4666,342,181.66,2026-02-18
4667,17,249.11,2025-11-23
4668,141,346.42,2026-05-11
4669,210,119.5,2025-10-28
4670,75,236.21,2026-03-02
4671,452,55.79,2026-04-20
4672,220,360.62,2026-03-13
4673,263,113.14,2025-12-17
4674,124,10.79,2026-02-09
4675,461,495.7,2026-07-31
4676,243,447.09,2026-02-23
4677,257,307.83,2025-10-26
4678,247,396.59,2025-10-18
4679,172,26.86,2026-07-29
4680,7,330.36,2026-07-07
4681,222,463.48,2026-03-12
4682,103,398.88,2025-12-19
4683,285,48.91,2025-09-19
4684,366,5.05,2025-09-30
4685,169,377.9,2025-09-18
4686,22,18.32,2025-10-11
4687,161,335.31,2026-02-04
4688,184,120.94,2025-10-06
4689,136,101.95,2026-05-01
4690,461,151.02,2026-03-29
4691,121,116.68,2025-12-03
4692,376,364.24,2025-12-04
4693,307,315.43,2025-10-01
4694,65,418.2,2026-03-05
4695,388,417.64,2025-10-13
4696,180,8.77,2026-05-02
4697,112,343.8,2025-11-06
4698,75,46.99,2025-11-07
4699,235,81.1,2026-01-23
4700,338,351.35,2025-10-02
4701,221,443.76,2026-07-19
4702,456,477.04,2025-12-19
4703,220,143.19,2026-04-04
4704,21,463.48,2026-02-15
4705,477,102.15,2026-05-05
4706,119,463.99,2026-04-18
4707,56,399.32,2025-12-08
4708,116,118.72,2026-08-21
4709,139,282.23,2026-07-17
4710,238,31.15,2025-11-09
4711,52,400.48,2025-11-08
4712,76,256.67,2026-06-02
4713,348,124.54,2026-04-11
4714,268,264.91,2026-07-18
4715,183,169.38,2025-10-10
4716,211,26.79,2026-03-16
4717,92,74.16,2025-09-04
4718,74,261.39,2025-10-14
4719,83,213.95,2025-11-03
4720,169,370.18,2026-02-23
4721,346,342.26,2026-05-13
4722,28,19.83,2026-07-16
4723,32,388.78,2026-08-21
4724,84,46.4,2026-04-10
4725,101,45.9,2026-02-27
4726,381,222.29,2026-04-16
4727,27,33.34,2026-08-24
4728,321,361.02,2026-01-12
4729,517,192.63,2026-05-06
4730,268,324.58,2026-05-12
4731,152,83.84,2026-01-24
4732,489,302.17,2025-12-21
4733,79,147.16,2025-10-17
4734,296,79.54,2025-09-07
4735,322,253.2,2025-10-12
4736,446,192.83,2025-09-07
4737,51,236.32,2026-08-23
4738,252,6.38,2026-07-13
4739,91,192.06,2025-11-17
4740,154,183.93,2026-04-27
4741,242,205.57,2026-04-27
4742,234,209.42,2026-02-08
4743,51,495.38,2026-04-19
4744,385,186.27,2026-06-18
4745,41,366.15,2025-11-10
4746,213,314.38,2025-12-21
4747,472,123.99,2026-02-18
4748,18,310.96,2026-02-22
4749,190,387.32,2025-09-09
4750,49,67.25,2025-11-01
4751,259,464.43,2025-10-27
4752,6,418.27,2026-05-17
4753,182,134.5,2026-08-20
4754,255,276.0,2026-02-21
4755,193,260.25,2026-07-13
4756,275,266.52,2026-04-04
4757,145,124.9,2025-11-14
4758,303,349.84,2026-03-29
4759,315,364.36,2026-07-04
4760,249,206.78,2025-09-20
4761,134,440.33,2025-09-04
4762,442,187.29,2026-04-20
4763,258,110.87,2026-05-20
4764,400,45.67,2026-08-26
4765,400,149.35,2026-07-09
4766,383,82.55,2026-05-29
4767,44,380.04,2026-04-08
4768,378,97.36,2026-03-23
4769,301,173.27,2025-12-17
4770,24,99.88,2026-02-27
4771,316,335.99,2026-02-26
4772,298,208.54,2026-04-06
4773,518,258.93,2026-04-13
4774,232,458.56,2026-05-08
4775,513,366.74,2026-06-27
4776,283,261.78,2026-02-27
4777,477,169.12,2026-05-21
4778,349,307.0,2026-03-14
4779,59,23.58,2026-02-03
4780,210,496.6,2025-12-26
4781,364,458.66,2025-09-25
4782,323,101.19,2026-07-25
4783,228,442.32,2026-02-01
4784,93,404.32,2026-02-22
4785,478,51.81,2026-03-02
4786,50,362.02,2026-08-11
4787,94,305.2,2026-01-06
4788,222,317.28,2026-05-15
4789,232,71.68,2025-09-09
4790,36,24.41,2025-12-16
4791,518,363.06,2025-11-11
4792,399,250.85,2026-01-05
4793,417,52.18,2025-11-25
4794,9,390.56,2025-11-21
4795,28,10.28,2026-07-31
4796,110,498.65,2026-01-04
4797,131,170.62,2026-04-10
4798,14,419.61,2026-07-07
4799,484,125.97,2026-04-30
4800,291,320.23,2025-10-20
4801,426,412.41,2025-12-18
4802,219,458.75,2026-05-20
4803,355,198.92,2026-08-19
4804,319,71.29,2026-07-03
4805,294,303.83,2026-05-06
4806,237,58.88,2026-05-28
4807,28,201.52,2026-06-20
4808,418,295.35,2026-06-21
4809,162,101.38,2026-07-08
4810,518,471.09,2026-04-17
4811,282,78.2,2025-12-14
4812,95,170.92,2026-06-03
4813,302,131.3,2026-05-04
4814,44,69.38,2025-10-19
4815,346,415.64,2025-11-14
4816,439,122.64,2026-04-11
4817,48,220.51,2025-10-08
4818,132,262.07,2026-02-01
4819,44,216.13,2026-08-31
4820,57,472.2,2025-12-22
4821,400,262.53,2025-11-17
4822,28,201.93,2025-09-19
4823,75,196.21,2025-09-08
4824,103,163.59,2026-07-21
4825,261,476.63,2026-01-10
4826,441,449.26,2025-10-30
4827,112,256.99,2026-07-02
4828,435,245.27,2026-07-26
4829,147,382.71,2025-09-13
4830,271,312.48,2025-09-25
4831,119,148.75,2026-02-06
4832,6,124.84,2026-04-16
4833,199,397.94,2025-10-16
4834,140,174.59,2025-11-23
4835,384,206.69,2025-12-05
4836,105,309.18,2026-01-04
4837,19,335.18,2026-01-10
4838,378,304.81,2025-09-19
4839,67,496.63,2026-07-20
4840,187,402.63,2025-12-08
4841,464,467.81,2025-10-27
4842,170,495.99,2026-05-12
4843,431,204.41,2026-03-09
4844,385,384.48,2026-05-05
4845,468,435.44,2026-05-18
4846,149,49.38,2026-08-07
4847,394,269.96,2026-02-09
4848,151,320.2,2026-02-16
4849,22,168.53,2026-07-07
4850,200,387.29,2025-10-12
4851,111,476.88,2025-10-10
4852,229,96.55,2026-04-13
4853,441,150.74,2026-06-15
4854,57,205.09,2026-08-14
4855,485,206.87,2026-06-30
4856,469,81.73,2025-09-17
4857,32,383.08,2025-10-10
4858,222,322.76,2026-04-20
4859,234,158.2,2026-07-17
4860,371,262.4,2026-08-01
4861,142,326.84,2025-10-29
4862,18,330.34,2025-12-17
4863,4,418.81,2026-02-10
4864,121,449.14,2026-03-06
4865,445,490.89,2026-05-28
4866,151,173.96,2025-10-08
4867,151,206.08,2026-04-26
4868,392,219.9,2026-01-02
4869,75,288.59,2025-10-22
4870,494,462.11,2026-07-09
4871,150,405.33,2026-02-09
4872,322,384.41,2026-02-01
4873,124,287.9,2026-06-10
4874,274,129.71,2025-11-30
4875,319,202.34,2026-06-25
4876,42,425.63,2026-01-04
4877,169,428.05,2026-03-05
4878,7,241.82,2025-10-03
4879,401,335.52,2026-01-16
4880,57,454.13,2026-06-05
4881,397,62.81,2026-01-11
4882,198,254.43,2026-05-03
4883,27,408.09,2025-10-27
4884,58,28.72,2026-06-04
4885,301,307.97,2026-02-03
4886,330,316.78,2025-11-24
4887,182,31.89,2026-06-22
4888,454,432.13,2026-01-31
4889,52,322.83,2026-01-29
4890,287,366.34,2026-02-16
4891,452,138.71,2026-07-10
4892,167,224.13,2026-06-19
4893,144,33.8,2026-01-12
4894,422,364.38,2025-09-12
4895,353,337.34,2025-10-25
4896,504,14.63,2025-09-05
4897,394,363.87,2026-06-24
4898,69,461.93,2026-08-13
4899,407,385.71,2025-10-03
4900,270,468.6,2025-12-26
4901,208,38.24,2026-08-27
4902,136,229.66,2025-11-01
4903,176,477.33,2025-09-24
4904,411,105.3,2026-06-06
4905,82,58.81,2026-05-01
4906,169,234.81,2026-04-24
4907,168,340.63,2026-07-29
4908,433,5.23,2025-09-23
4909,326,122.8,2026-04-21
4910,354,70.52,2026-05-21
4911,459,191.11,2026-05-01
4912,304,41.8,2026-03-11
4913,173,157.01,2025-12-19
4914,145,432.96,2026-01-27
4915,45,432.74,2026-05-09
4916,283,486.67,2026-03-23
4917,463,145.96,2025-12-22
4918,105,106.42,2026-05-31
4919,146,202.19,2026-07-31
4920,512,453.0,2025-09-04
4921,192,335.3,2025-12-13
4922,95,42.21,2026-03-14
4923,187,439.7,2026-08-04
4924,430,55.66,2026-05-16
4925,504,89.95,2026-02-12
4926,449,393.28,2025-11-16
4927,238,120.76,2026-03-20
4928,118,437.99,2026-06-17
4929,327,424.8,2026-04-28
4930,461,207.17,2026-05-15
4931,439,480.08,2026-07-23
4932,122,204.38,2026-06-15
4933,413,229.52,2026-01-28
4934,415,431.15,2025-11-13
4935,16,261.55,2025-12-21
4936,148,-185.72,2025-09-15
4937,185,46.75,2026-01-02
4938,164,115.83,2026-05-25
4939,375,47.66,2026-05-30
4940,459,12.34,2025-10-18
4941,415,468.84,2026-08-31
4942,179,286.87,2025-12-14
4943,336,41.01,2025-10-05
4944,41,286.09,2026-03-22
4945,275,280.98,2026-03-11
4946,296,121.43,2026-06-06
4947,163,392.76,2025-10-30
4948,339,67.8,2025-09-12
4949,236,400.2,2026-06-20
4950,257,332.85,2026-04-06
4951,134,256.14,2025-11-29
4952,68,152.58,2026-06-12
4953,463,325.4,2026-05-25
4954,37,314.9,2026-08-29
4955,366,349.16,2025-10-12
4956,412,462.21,2025-09-23
4957,192,226.55,2026-01-16
4958,282,17.98,2026-04-19
4959,66,193.32,2026-01-09
4960,473,361.11,2025-09-19
4961,394,249.97,2026-04-28
4962,447,273.28,2025-10-17
4963,158,255.37,2025-12-20
4964,201,419.34,2026-05-29
4965,326,249.48,2026-02-14
4966,191,-342.37,2026-08-27
4967,378,342.76,2026-06-23
4968,31,30.68,2026-08-29
4969,400,333.47,2026-03-28
4970,468,193.56,2026-07-26
4971,128,286.75,2026-04-19
4972,181,88.12,2026-03-16
4973,384,390.3,2026-04-07
4974,403,137.82,2026-01-08
4975,144,233.04,2025-12-15
4976,302,179.74,2026-06-16
4977,137,96.92,2026-05-21
4978,276,343.35,2026-05-06
4979,228,395.82,2026-05-21
4980,106,433.81,2026-03-11
4981,82,173.39,2025-12-01
4982,192,343.81,2025-12-30
4983,495,268.85,2026-04-03
4984,399,93.06,2026-06-30
4985,414,88.0,2026-01-12
4986,228,473.3,2025-10-07
4987,379,174.95,2026-05-20
4988,517,55.6,2026-07-02
4989,379,57.57,2025-10-01
4990,502,186.07,2025-09-24
4991,333,261.87,2026-07-24
4992,500,12.74,2026-02-23
4993,268,387.64,2026-02-12
4994,123,115.98,2026-01-15
4995,77,439.49,2026-03-13
4996,493,463.53,2026-04-05
4997,204,301.51,2026-03-10
4998,242,263.16,2026-01-24
4999,373,138.22,2025-12-07
5000,334,109.04,2026-03-03
2406,223,350.53,2026-05-29
3717,383,416.68,2026-02-24
881,412,141.33,2026-07-08
2677,450,58.8,2026-06-28
2686,399,253.42,2026-07-16
1658,341,389.67,2026-02-05
879,498,439.56,2026-09-01
1775,68,228.73,2026-08-02
1422,41,282.54,2025-11-07
3000,106,422.32,2026-03-26
1757,380,437.73,2026-08-07
3437,35,461.17,2026-07-29
3899,99,398.8,2026-04-11
4297,437,24.71,2026-06-10
798,398,456.78,2026-08-30
1951,274,318.79,2025-12-14
3492,520,485.53,2026-08-18
3665,200,361.39,2025-10-18
2600,190,36.43,2026-08-03
376,305,403.32,2026-04-08
132,394,231.13,2026-01-18
2178,502,498.27,2025-09-21
1227,208,437.01,2026-06-23
894,30,72.15,2026-03-27
2323,114,192.57,2026-04-24
